word,phon_vec,syllables,ipa
ছাত্রনেতা,"[28, 1, 9, 2, 3, 6, 5, 9, 1, 0, 0, 0, 0, 0, 0, 0, 0, 0]","[['tʃʰ', 'a', 't̪'], ['r', 'o'], ['n', 'e'], ['t̪', 'a']]",tʃʰat̪ronet̪a
স্থান,"[19, 30, 1, 6, 0, 0, 0, 0, 0, 0, 0, 0, 0, 0, 0, 0, 0, 0]","[['s', 't̪ʰ', 'a', 'n']]",st̪ʰan
যুক্ত,"[18, 14, 7, 9, 3, 0, 0, 0, 0, 0, 0, 0, 0, 0, 0, 0, 0, 0]","[['dʒ', 'u', 'k'], ['t̪', 'o']]",dʒukt̪o
ঘটতে,"[34, 3, 17, 9, 5, 0, 0, 0, 0, 0, 0, 0, 0, 0, 0, 0, 0, 0]","[['gʱ', 'o', 'ʈ'], ['t̪', 'e']]",gʱoʈt̪e
রাখি,"[2, 1, 24, 4, 0, 0, 0, 0, 0, 0, 0, 0, 0, 0, 0, 0, 0, 0]","[['r', 'a'], ['kʰ', 'i']]",rakʰi
সমঝোতার,"[10, 8, 13, 3, 42, 3, 9, 1, 2, 0, 0, 0, 0, 0, 0, 0, 0, 0]","[['ʃ', 'ɔ'], ['m', 'o'], ['dʒʱ', 'o'], ['t̪', 'a', 'r']]",ʃɔmodʒʱot̪ar
পারভেজ,"[15, 1, 2, 23, 5, 18, 0, 0, 0, 0, 0, 0, 0, 0, 0, 0, 0, 0]","[['p', 'a', 'r'], ['bʱ', 'e', 'dʒ']]",parbʱedʒ
রোমে,"[2, 3, 13, 5, 0, 0, 0, 0, 0, 0, 0, 0, 0, 0, 0, 0, 0, 0]","[['r', 'o'], ['m', 'e']]",rome
মাঝি,"[13, 1, 42, 4, 0, 0, 0, 0, 0, 0, 0, 0, 0, 0, 0, 0, 0, 0]","[['m', 'a'], ['dʒʱ', 'i']]",madʒʱi
করছিলাম,"[7, 3, 2, 28, 4, 12, 1, 13, 0, 0, 0, 0, 0, 0, 0, 0, 0, 0]","[['k', 'o', 'r'], ['tʃʰ', 'i'], ['l', 'a', 'm']]",kortʃʰilam
ইন্টারনেট,"[4, 6, 17, 1, 2, 6, 5, 17, 0, 0, 0, 0, 0, 0, 0, 0, 0, 0]","[['i', 'n'], ['ʈ', 'a', 'r'], ['n', 'e', 'ʈ']]",inʈarneʈ
স্বপ্ন,"[10, 8, 15, 6, 3, 0, 0, 0, 0, 0, 0, 0, 0, 0, 0, 0, 0, 0]","[['ʃ', 'ɔ', 'p'], ['n', 'o']]",ʃɔpno
সরে,"[10, 3, 2, 5, 0, 0, 0, 0, 0, 0, 0, 0, 0, 0, 0, 0, 0, 0]","[['ʃ', 'o'], ['r', 'e']]",ʃore
বীমা,"[11, 4, 13, 1, 0, 0, 0, 0, 0, 0, 0, 0, 0, 0, 0, 0, 0, 0]","[['b', 'i'], ['m', 'a']]",bima
ব্যথার,"[11, 29, 30, 1, 2, 0, 0, 0, 0, 0, 0, 0, 0, 0, 0, 0, 0, 0]","[['b', 'æ'], ['t̪ʰ', 'a', 'r']]",bæt̪ʰar
তত,"[9, 3, 9, 3, 0, 0, 0, 0, 0, 0, 0, 0, 0, 0, 0, 0, 0, 0]","[['t̪', 'o'], ['t̪', 'o']]",t̪ot̪o
একার,"[29, 7, 1, 2, 0, 0, 0, 0, 0, 0, 0, 0, 0, 0, 0, 0, 0, 0]","[['æ'], ['k', 'a', 'r']]",ækar
মাধ্যম,"[13, 1, 16, 25, 3, 13, 0, 0, 0, 0, 0, 0, 0, 0, 0, 0, 0, 0]","[['m', 'a', 'd̪'], ['d̪ʱ', 'o', 'm']]",mad̪d̪ʱom
সংগ্রহশালা,"[10, 8, 31, 20, 2, 3, 21, 3, 10, 1, 12, 1, 0, 0, 0, 0, 0, 0]","[['ʃ', 'ɔ', 'ŋ'], ['g', 'r', 'o'], ['h', 'o'], ['ʃ', 'a'], ['l', 'a']]",ʃɔŋgrohoʃala
এসেছিলাম,"[5, 10, 5, 28, 4, 12, 1, 13, 0, 0, 0, 0, 0, 0, 0, 0, 0, 0]","[['e'], ['ʃ', 'e'], ['tʃʰ', 'i'], ['l', 'a', 'm']]",eʃetʃʰilam
কয়েকবার,"[7, 3, 5, 7, 11, 1, 2, 0, 0, 0, 0, 0, 0, 0, 0, 0, 0, 0]","[['k', 'o'], ['e', 'k'], ['b', 'a', 'r']]",koekbar
আসছেন,"[1, 10, 28, 5, 6, 0, 0, 0, 0, 0, 0, 0, 0, 0, 0, 0, 0, 0]","[['a', 'ʃ'], ['tʃʰ', 'e', 'n']]",aʃtʃʰen
মুদি,"[13, 14, 16, 4, 0, 0, 0, 0, 0, 0, 0, 0, 0, 0, 0, 0, 0, 0]","[['m', 'u'], ['d̪', 'i']]",mud̪i
নিচু,"[6, 4, 22, 14, 0, 0, 0, 0, 0, 0, 0, 0, 0, 0, 0, 0, 0, 0]","[['n', 'i'], ['tʃ', 'u']]",nitʃu
শুনেছি,"[10, 14, 6, 5, 28, 4, 0, 0, 0, 0, 0, 0, 0, 0, 0, 0, 0, 0]","[['ʃ', 'u'], ['n', 'e'], ['tʃʰ', 'i']]",ʃunetʃʰi
পাইনা,"[15, 32, 6, 1, 0, 0, 0, 0, 0, 0, 0, 0, 0, 0, 0, 0, 0, 0]","[['p', 'ai̯'], ['n', 'a']]",pai̯na
আগ,"[1, 20, 0, 0, 0, 0, 0, 0, 0, 0, 0, 0, 0, 0, 0, 0, 0, 0]","[['a', 'g']]",ag
কপালে,"[7, 8, 15, 1, 12, 5, 0, 0, 0, 0, 0, 0, 0, 0, 0, 0, 0, 0]","[['k', 'ɔ'], ['p', 'a'], ['l', 'e']]",kɔpale
বকর,"[11, 8, 7, 8, 2, 0, 0, 0, 0, 0, 0, 0, 0, 0, 0, 0, 0, 0]","[['b', 'ɔ'], ['k', 'ɔ', 'r']]",bɔkɔr
স্বপ্নকে,"[10, 8, 15, 6, 3, 7, 5, 0, 0, 0, 0, 0, 0, 0, 0, 0, 0, 0]","[['ʃ', 'ɔ', 'p'], ['n', 'o'], ['k', 'e']]",ʃɔpnoke
লেগেছে,"[12, 5, 20, 5, 28, 5, 0, 0, 0, 0, 0, 0, 0, 0, 0, 0, 0, 0]","[['l', 'e'], ['g', 'e'], ['tʃʰ', 'e']]",legetʃʰe
মেহমান,"[13, 5, 21, 3, 13, 1, 6, 0, 0, 0, 0, 0, 0, 0, 0, 0, 0, 0]","[['m', 'e'], ['h', 'o'], ['m', 'a', 'n']]",mehoman
চুলা,"[22, 14, 12, 1, 0, 0, 0, 0, 0, 0, 0, 0, 0, 0, 0, 0, 0, 0]","[['tʃ', 'u'], ['l', 'a']]",tʃula
কাছের,"[7, 1, 28, 5, 2, 0, 0, 0, 0, 0, 0, 0, 0, 0, 0, 0, 0, 0]","[['k', 'a'], ['tʃʰ', 'e', 'r']]",katʃʰer
খেলাটা,"[24, 29, 12, 1, 17, 1, 0, 0, 0, 0, 0, 0, 0, 0, 0, 0, 0, 0]","[['kʰ', 'æ'], ['l', 'a'], ['ʈ', 'a']]",kʰælaʈa
মুরগির,"[13, 14, 2, 20, 4, 2, 0, 0, 0, 0, 0, 0, 0, 0, 0, 0, 0, 0]","[['m', 'u', 'r'], ['g', 'i', 'r']]",murgir
বাণী,"[11, 1, 6, 4, 0, 0, 0, 0, 0, 0, 0, 0, 0, 0, 0, 0, 0, 0]","[['b', 'a'], ['n', 'i']]",bani
যোগসূত্র,"[18, 3, 20, 3, 10, 14, 9, 2, 3, 0, 0, 0, 0, 0, 0, 0, 0, 0]","[['dʒ', 'o', 'g', 'o'], ['ʃ', 'u', 't̪'], ['r', 'o']]",dʒogoʃut̪ro
চন্দ্রগ্রহণ,"[22, 8, 6, 16, 2, 3, 20, 2, 3, 21, 3, 6, 0, 0, 0, 0, 0, 0]","[['tʃ', 'ɔ', 'n'], ['d̪', 'r', 'o'], ['g', 'r', 'o'], ['h', 'o', 'n']]",tʃɔnd̪rogrohon
ভালা,"[23, 1, 12, 1, 0, 0, 0, 0, 0, 0, 0, 0, 0, 0, 0, 0, 0, 0]","[['bʱ', 'a'], ['l', 'a']]",bʱala
দেখলে,"[16, 5, 24, 12, 5, 0, 0, 0, 0, 0, 0, 0, 0, 0, 0, 0, 0, 0]","[['d̪', 'e', 'kʰ'], ['l', 'e']]",d̪ekʰle
দশজন,"[16, 8, 10, 18, 8, 6, 0, 0, 0, 0, 0, 0, 0, 0, 0, 0, 0, 0]","[['d̪', 'ɔ', 'ʃ'], ['dʒ', 'ɔ', 'n']]",d̪ɔʃdʒɔn
টিউমার,"[17, 41, 13, 1, 2, 0, 0, 0, 0, 0, 0, 0, 0, 0, 0, 0, 0, 0]","[['ʈ', 'iu̯'], ['m', 'a', 'r']]",ʈiu̯mar
ক্ষমা,"[24, 8, 13, 1, 0, 0, 0, 0, 0, 0, 0, 0, 0, 0, 0, 0, 0, 0]","[['kʰ', 'ɔ'], ['m', 'a']]",kʰɔma
কাম,"[7, 1, 13, 0, 0, 0, 0, 0, 0, 0, 0, 0, 0, 0, 0, 0, 0, 0]","[['k', 'a', 'm']]",kam
সেকেন্ড,"[19, 5, 7, 5, 6, 26, 0, 0, 0, 0, 0, 0, 0, 0, 0, 0, 0, 0]","[['s', 'e'], ['k', 'e', 'n', 'ɖ']]",sekenɖ
আলাইকুম,"[1, 12, 32, 7, 14, 13, 0, 0, 0, 0, 0, 0, 0, 0, 0, 0, 0, 0]","[['a'], ['l', 'ai̯'], ['k', 'u', 'm']]",alai̯kum
বিল,"[11, 4, 12, 0, 0, 0, 0, 0, 0, 0, 0, 0, 0, 0, 0, 0, 0, 0]","[['b', 'i', 'l']]",bil
লিভার,"[12, 4, 23, 1, 2, 0, 0, 0, 0, 0, 0, 0, 0, 0, 0, 0, 0, 0]","[['l', 'i'], ['bʱ', 'a', 'r']]",libʱar
এটার,"[5, 17, 1, 2, 0, 0, 0, 0, 0, 0, 0, 0, 0, 0, 0, 0, 0, 0]","[['e'], ['ʈ', 'a', 'r']]",eʈar
পটল,"[15, 8, 17, 3, 12, 0, 0, 0, 0, 0, 0, 0, 0, 0, 0, 0, 0, 0]","[['p', 'ɔ'], ['ʈ', 'o', 'l']]",pɔʈol
জমে,"[18, 3, 13, 5, 0, 0, 0, 0, 0, 0, 0, 0, 0, 0, 0, 0, 0, 0]","[['dʒ', 'o'], ['m', 'e']]",dʒome
লেবার,"[12, 5, 11, 1, 2, 0, 0, 0, 0, 0, 0, 0, 0, 0, 0, 0, 0, 0]","[['l', 'e'], ['b', 'a', 'r']]",lebar
তাতেই,"[9, 1, 9, 33, 0, 0, 0, 0, 0, 0, 0, 0, 0, 0, 0, 0, 0, 0]","[['t̪', 'a'], ['t̪', 'ei̯']]",t̪at̪ei̯
বৈশাখের,"[11, 35, 10, 1, 24, 5, 2, 0, 0, 0, 0, 0, 0, 0, 0, 0, 0, 0]","[['b', 'oi̯'], ['ʃ', 'a'], ['kʰ', 'e', 'r']]",boi̯ʃakʰer
বাইবেলের,"[11, 32, 11, 5, 12, 5, 2, 0, 0, 0, 0, 0, 0, 0, 0, 0, 0, 0]","[['b', 'ai̯'], ['b', 'e'], ['l', 'e', 'r']]",bai̯beler
টিমের,"[17, 4, 13, 5, 2, 0, 0, 0, 0, 0, 0, 0, 0, 0, 0, 0, 0, 0]","[['ʈ', 'i'], ['m', 'e', 'r']]",ʈimer
কসম,"[7, 8, 19, 3, 13, 0, 0, 0, 0, 0, 0, 0, 0, 0, 0, 0, 0, 0]","[['k', 'ɔ'], ['s', 'o', 'm']]",kɔsom
সনি,"[19, 8, 6, 4, 0, 0, 0, 0, 0, 0, 0, 0, 0, 0, 0, 0, 0, 0]","[['s', 'ɔ'], ['n', 'i']]",sɔni
পাখা,"[15, 1, 24, 1, 0, 0, 0, 0, 0, 0, 0, 0, 0, 0, 0, 0, 0, 0]","[['p', 'a'], ['kʰ', 'a']]",pakʰa
হাসতে,"[21, 1, 10, 9, 5, 0, 0, 0, 0, 0, 0, 0, 0, 0, 0, 0, 0, 0]","[['h', 'a', 'ʃ'], ['t̪', 'e']]",haʃt̪e
ছাত্র,"[28, 1, 9, 2, 3, 0, 0, 0, 0, 0, 0, 0, 0, 0, 0, 0, 0, 0]","[['tʃʰ', 'a', 't̪'], ['r', 'o']]",tʃʰat̪ro
চাঞ্চল্যকর,"[22, 1, 6, 22, 3, 12, 12, 3, 7, 8, 2, 0, 0, 0, 0, 0, 0, 0]","[['tʃ', 'a', 'n'], ['tʃ', 'o', 'l'], ['l', 'o'], ['k', 'ɔ', 'r']]",tʃantʃollokɔr
পাখি,"[15, 1, 24, 4, 0, 0, 0, 0, 0, 0, 0, 0, 0, 0, 0, 0, 0, 0]","[['p', 'a'], ['kʰ', 'i']]",pakʰi
আইকন,"[32, 7, 8, 6, 0, 0, 0, 0, 0, 0, 0, 0, 0, 0, 0, 0, 0, 0]","[['ai̯'], ['k', 'ɔ', 'n']]",ai̯kɔn
ইবি,"[4, 11, 4, 0, 0, 0, 0, 0, 0, 0, 0, 0, 0, 0, 0, 0, 0, 0]","[['i'], ['b', 'i']]",ibi
আলফা,"[1, 12, 27, 1, 0, 0, 0, 0, 0, 0, 0, 0, 0, 0, 0, 0, 0, 0]","[['a', 'l'], ['f', 'a']]",alfa
যুদ্ধবিমান,"[18, 14, 16, 25, 3, 11, 4, 13, 1, 6, 0, 0, 0, 0, 0, 0, 0, 0]","[['dʒ', 'u', 'd̪'], ['d̪ʱ', 'o'], ['b', 'i'], ['m', 'a', 'n']]",dʒud̪d̪ʱobiman
ক্রেতার,"[7, 2, 5, 9, 1, 2, 0, 0, 0, 0, 0, 0, 0, 0, 0, 0, 0, 0]","[['k', 'r', 'e'], ['t̪', 'a', 'r']]",kret̪ar
বেইজিং,"[11, 33, 18, 4, 31, 0, 0, 0, 0, 0, 0, 0, 0, 0, 0, 0, 0, 0]","[['b', 'ei̯'], ['dʒ', 'i', 'ŋ']]",bei̯dʒiŋ
থাক,"[30, 1, 7, 0, 0, 0, 0, 0, 0, 0, 0, 0, 0, 0, 0, 0, 0, 0]","[['t̪ʰ', 'a', 'k']]",t̪ʰak
বাহ,"[11, 1, 21, 0, 0, 0, 0, 0, 0, 0, 0, 0, 0, 0, 0, 0, 0, 0]","[['b', 'a', 'h']]",bah
এইমাত্র,"[33, 13, 1, 9, 2, 3, 0, 0, 0, 0, 0, 0, 0, 0, 0, 0, 0, 0]","[['ei̯'], ['m', 'a', 't̪'], ['r', 'o']]",ei̯mat̪ro
কল্পনার,"[7, 8, 12, 15, 3, 6, 1, 2, 0, 0, 0, 0, 0, 0, 0, 0, 0, 0]","[['k', 'ɔ', 'l'], ['p', 'o'], ['n', 'a', 'r']]",kɔlponar
গুনে,"[20, 14, 6, 5, 0, 0, 0, 0, 0, 0, 0, 0, 0, 0, 0, 0, 0, 0]","[['g', 'u'], ['n', 'e']]",gune
দিনগুলোর,"[16, 4, 6, 20, 14, 12, 3, 2, 0, 0, 0, 0, 0, 0, 0, 0, 0, 0]","[['d̪', 'i', 'n'], ['g', 'u'], ['l', 'o', 'r']]",d̪ingulor
এল,"[5, 12, 0, 0, 0, 0, 0, 0, 0, 0, 0, 0, 0, 0, 0, 0, 0, 0]","[['e', 'l']]",el
হুদা,"[21, 14, 16, 1, 0, 0, 0, 0, 0, 0, 0, 0, 0, 0, 0, 0, 0, 0]","[['h', 'u'], ['d̪', 'a']]",hud̪a
ভিউ,"[23, 41, 0, 0, 0, 0, 0, 0, 0, 0, 0, 0, 0, 0, 0, 0, 0, 0]","[['bʱ', 'iu̯']]",bʱiu̯
দীর্ঘ,"[16, 4, 2, 34, 3, 0, 0, 0, 0, 0, 0, 0, 0, 0, 0, 0, 0, 0]","[['d̪', 'i', 'r'], ['gʱ', 'o']]",d̪irgʱo
এলেন,"[5, 12, 5, 6, 0, 0, 0, 0, 0, 0, 0, 0, 0, 0, 0, 0, 0, 0]","[['e'], ['l', 'e', 'n']]",elen
আত্মপ্রকাশ,"[1, 9, 9, 3, 15, 2, 3, 7, 1, 10, 0, 0, 0, 0, 0, 0, 0, 0]","[['a', 't̪'], ['t̪', 'o'], ['p', 'r', 'o'], ['k', 'a', 'ʃ']]",at̪t̪oprokaʃ
বিশ্বকাপ,"[11, 4, 10, 10, 3, 7, 1, 15, 0, 0, 0, 0, 0, 0, 0, 0, 0, 0]","[['b', 'i', 'ʃ'], ['ʃ', 'o'], ['k', 'a', 'p']]",biʃʃokap
আলোক,"[1, 12, 3, 7, 0, 0, 0, 0, 0, 0, 0, 0, 0, 0, 0, 0, 0, 0]","[['a'], ['l', 'o', 'k']]",alok
দাশের,"[16, 1, 10, 5, 2, 0, 0, 0, 0, 0, 0, 0, 0, 0, 0, 0, 0, 0]","[['d̪', 'a'], ['ʃ', 'e', 'r']]",d̪aʃer
স্থল,"[19, 30, 8, 12, 0, 0, 0, 0, 0, 0, 0, 0, 0, 0, 0, 0, 0, 0]","[['s', 't̪ʰ', 'ɔ', 'l']]",st̪ʰɔl
গাছের,"[20, 1, 28, 5, 2, 0, 0, 0, 0, 0, 0, 0, 0, 0, 0, 0, 0, 0]","[['g', 'a'], ['tʃʰ', 'e', 'r']]",gatʃʰer
চমকপ্রদ,"[22, 8, 13, 3, 7, 15, 2, 8, 16, 3, 0, 0, 0, 0, 0, 0, 0, 0]","[['tʃ', 'ɔ'], ['m', 'o', 'k'], ['p', 'r', 'ɔ'], ['d̪', 'o']]",tʃɔmokprɔd̪o
রাগ,"[2, 1, 20, 0, 0, 0, 0, 0, 0, 0, 0, 0, 0, 0, 0, 0, 0, 0]","[['r', 'a', 'g']]",rag
সাধ,"[10, 1, 25, 0, 0, 0, 0, 0, 0, 0, 0, 0, 0, 0, 0, 0, 0, 0]","[['ʃ', 'a', 'd̪ʱ']]",ʃad̪ʱ
নিরপরাধ,"[6, 4, 2, 8, 15, 3, 2, 1, 25, 0, 0, 0, 0, 0, 0, 0, 0, 0]","[['n', 'i'], ['r', 'ɔ'], ['p', 'o'], ['r', 'a', 'd̪ʱ']]",nirɔporad̪ʱ
আন্তরিকভাবে,"[1, 6, 9, 3, 2, 4, 7, 23, 1, 11, 5, 0, 0, 0, 0, 0, 0, 0]","[['a', 'n'], ['t̪', 'o'], ['r', 'i', 'k'], ['bʱ', 'a'], ['b', 'e']]",ant̪orikbʱabe
একর,"[29, 7, 3, 2, 0, 0, 0, 0, 0, 0, 0, 0, 0, 0, 0, 0, 0, 0]","[['æ'], ['k', 'o', 'r']]",ækor
ধর্মঘটের,"[25, 8, 2, 13, 3, 34, 8, 17, 5, 2, 0, 0, 0, 0, 0, 0, 0, 0]","[['d̪ʱ', 'ɔ', 'r'], ['m', 'o'], ['gʱ', 'ɔ'], ['ʈ', 'e', 'r']]",d̪ʱɔrmogʱɔʈer
বারবার,"[11, 1, 2, 11, 1, 2, 0, 0, 0, 0, 0, 0, 0, 0, 0, 0, 0, 0]","[['b', 'a', 'r'], ['b', 'a', 'r']]",barbar
ইহুদী,"[4, 21, 14, 16, 4, 0, 0, 0, 0, 0, 0, 0, 0, 0, 0, 0, 0, 0]","[['i'], ['h', 'u'], ['d̪', 'i']]",ihud̪i
থাকবেই,"[30, 1, 7, 11, 33, 0, 0, 0, 0, 0, 0, 0, 0, 0, 0, 0, 0, 0]","[['t̪ʰ', 'a', 'k'], ['b', 'ei̯']]",t̪ʰakbei̯
স্বাস্থ্যসেবা,"[10, 1, 19, 30, 3, 10, 5, 11, 1, 0, 0, 0, 0, 0, 0, 0, 0, 0]","[['ʃ', 'a', 's'], ['t̪ʰ', 'o'], ['ʃ', 'e'], ['b', 'a']]",ʃast̪ʰoʃeba
পাইনি,"[15, 32, 6, 4, 0, 0, 0, 0, 0, 0, 0, 0, 0, 0, 0, 0, 0, 0]","[['p', 'ai̯'], ['n', 'i']]",pai̯ni
রিক,"[2, 4, 7, 0, 0, 0, 0, 0, 0, 0, 0, 0, 0, 0, 0, 0, 0, 0]","[['r', 'i', 'k']]",rik
লোডশেডিং,"[12, 3, 26, 10, 5, 26, 4, 31, 0, 0, 0, 0, 0, 0, 0, 0, 0, 0]","[['l', 'o', 'ɖ'], ['ʃ', 'e'], ['ɖ', 'i', 'ŋ']]",loɖʃeɖiŋ
জয়,"[18, 45, 0, 0, 0, 0, 0, 0, 0, 0, 0, 0, 0, 0, 0, 0, 0, 0]","[['dʒ', 'ɔe̯']]",dʒɔe̯
জবাই,"[18, 8, 11, 32, 0, 0, 0, 0, 0, 0, 0, 0, 0, 0, 0, 0, 0, 0]","[['dʒ', 'ɔ'], ['b', 'ai̯']]",dʒɔbai̯
স্তন,"[19, 9, 8, 6, 0, 0, 0, 0, 0, 0, 0, 0, 0, 0, 0, 0, 0, 0]","[['s', 't̪', 'ɔ', 'n']]",st̪ɔn
ভাবনা,"[23, 1, 11, 6, 1, 0, 0, 0, 0, 0, 0, 0, 0, 0, 0, 0, 0, 0]","[['bʱ', 'a', 'b'], ['n', 'a']]",bʱabna
সাভার,"[19, 1, 23, 1, 2, 0, 0, 0, 0, 0, 0, 0, 0, 0, 0, 0, 0, 0]","[['s', 'a'], ['bʱ', 'a', 'r']]",sabʱar
শিব,"[10, 4, 11, 0, 0, 0, 0, 0, 0, 0, 0, 0, 0, 0, 0, 0, 0, 0]","[['ʃ', 'i', 'b']]",ʃib
ওঠা,"[3, 36, 1, 0, 0, 0, 0, 0, 0, 0, 0, 0, 0, 0, 0, 0, 0, 0]","[['o'], ['ʈʰ', 'a']]",oʈʰa
ইউরি,"[41, 2, 4, 0, 0, 0, 0, 0, 0, 0, 0, 0, 0, 0, 0, 0, 0, 0]","[['iu̯'], ['r', 'i']]",iu̯ri
পাথরে,"[15, 1, 30, 3, 2, 5, 0, 0, 0, 0, 0, 0, 0, 0, 0, 0, 0, 0]","[['p', 'a'], ['t̪ʰ', 'o'], ['r', 'e']]",pat̪ʰore
কম,"[7, 8, 13, 0, 0, 0, 0, 0, 0, 0, 0, 0, 0, 0, 0, 0, 0, 0]","[['k', 'ɔ', 'm']]",kɔm
বদলাতে,"[11, 8, 16, 12, 1, 9, 5, 0, 0, 0, 0, 0, 0, 0, 0, 0, 0, 0]","[['b', 'ɔ', 'd̪'], ['l', 'a'], ['t̪', 'e']]",bɔd̪lat̪e
সম্প্রচার,"[10, 8, 13, 15, 2, 3, 22, 1, 2, 0, 0, 0, 0, 0, 0, 0, 0, 0]","[['ʃ', 'ɔ', 'm'], ['p', 'r', 'o'], ['tʃ', 'a', 'r']]",ʃɔmprotʃar
উচিৎ,"[14, 22, 4, 9, 0, 0, 0, 0, 0, 0, 0, 0, 0, 0, 0, 0, 0, 0]","[['u'], ['tʃ', 'i', 't̪']]",utʃit̪
বরণ,"[11, 8, 2, 3, 6, 0, 0, 0, 0, 0, 0, 0, 0, 0, 0, 0, 0, 0]","[['b', 'ɔ'], ['r', 'o', 'n']]",bɔron
ব্রিটেন,"[11, 2, 4, 17, 5, 6, 0, 0, 0, 0, 0, 0, 0, 0, 0, 0, 0, 0]","[['b', 'r', 'i'], ['ʈ', 'e', 'n']]",briʈen
সাইকেলের,"[19, 32, 7, 5, 12, 5, 2, 0, 0, 0, 0, 0, 0, 0, 0, 0, 0, 0]","[['s', 'ai̯'], ['k', 'e'], ['l', 'e', 'r']]",sai̯keler
দর্শন,"[16, 8, 2, 10, 3, 6, 0, 0, 0, 0, 0, 0, 0, 0, 0, 0, 0, 0]","[['d̪', 'ɔ', 'r'], ['ʃ', 'o', 'n']]",d̪ɔrʃon
গৃহযুদ্ধের,"[20, 2, 4, 21, 3, 18, 14, 16, 25, 5, 2, 0, 0, 0, 0, 0, 0, 0]","[['g', 'r', 'i'], ['h', 'o'], ['dʒ', 'u', 'd̪'], ['d̪ʱ', 'e', 'r']]",grihodʒud̪d̪ʱer
আদার,"[1, 16, 1, 2, 0, 0, 0, 0, 0, 0, 0, 0, 0, 0, 0, 0, 0, 0]","[['a'], ['d̪', 'a', 'r']]",ad̪ar
ধরতে,"[25, 3, 2, 9, 5, 0, 0, 0, 0, 0, 0, 0, 0, 0, 0, 0, 0, 0]","[['d̪ʱ', 'o', 'r'], ['t̪', 'e']]",d̪ʱort̪e
হাই,"[21, 32, 0, 0, 0, 0, 0, 0, 0, 0, 0, 0, 0, 0, 0, 0, 0, 0]","[['h', 'ai̯']]",hai̯
প্রবাল,"[15, 2, 3, 11, 1, 12, 0, 0, 0, 0, 0, 0, 0, 0, 0, 0, 0, 0]","[['p', 'r', 'o'], ['b', 'a', 'l']]",probal
দুইবার,"[16, 44, 11, 1, 2, 0, 0, 0, 0, 0, 0, 0, 0, 0, 0, 0, 0, 0]","[['d̪', 'ui̯'], ['b', 'a', 'r']]",d̪ui̯bar
রেবেকা,"[2, 5, 11, 5, 7, 1, 0, 0, 0, 0, 0, 0, 0, 0, 0, 0, 0, 0]","[['r', 'e'], ['b', 'e'], ['k', 'a']]",rebeka
রাজকুমার,"[2, 1, 18, 7, 14, 13, 1, 2, 0, 0, 0, 0, 0, 0, 0, 0, 0, 0]","[['r', 'a', 'dʒ'], ['k', 'u'], ['m', 'a', 'r']]",radʒkumar
জুটি,"[18, 14, 17, 4, 0, 0, 0, 0, 0, 0, 0, 0, 0, 0, 0, 0, 0, 0]","[['dʒ', 'u'], ['ʈ', 'i']]",dʒuʈi
ওনার,"[3, 6, 1, 2, 0, 0, 0, 0, 0, 0, 0, 0, 0, 0, 0, 0, 0, 0]","[['o'], ['n', 'a', 'r']]",onar
কপাল,"[7, 8, 15, 1, 12, 0, 0, 0, 0, 0, 0, 0, 0, 0, 0, 0, 0, 0]","[['k', 'ɔ'], ['p', 'a', 'l']]",kɔpal
বসে,"[11, 3, 10, 5, 0, 0, 0, 0, 0, 0, 0, 0, 0, 0, 0, 0, 0, 0]","[['b', 'o'], ['ʃ', 'e']]",boʃe
দূত,"[16, 14, 9, 0, 0, 0, 0, 0, 0, 0, 0, 0, 0, 0, 0, 0, 0, 0]","[['d̪', 'u', 't̪']]",d̪ut̪
নাগরিক,"[6, 1, 20, 3, 2, 4, 7, 0, 0, 0, 0, 0, 0, 0, 0, 0, 0, 0]","[['n', 'a'], ['g', 'o'], ['r', 'i', 'k']]",nagorik
ভাবতে,"[23, 1, 11, 9, 5, 0, 0, 0, 0, 0, 0, 0, 0, 0, 0, 0, 0, 0]","[['bʱ', 'a', 'b'], ['t̪', 'e']]",bʱabt̪e
রাষ্ট্রকে,"[2, 1, 10, 17, 2, 3, 7, 5, 0, 0, 0, 0, 0, 0, 0, 0, 0, 0]","[['r', 'a', 'ʃ'], ['ʈ', 'r', 'o'], ['k', 'e']]",raʃʈroke
ধ্বসে,"[25, 8, 10, 5, 0, 0, 0, 0, 0, 0, 0, 0, 0, 0, 0, 0, 0, 0]","[['d̪ʱ', 'ɔ'], ['ʃ', 'e']]",d̪ʱɔʃe
সাবধান,"[10, 1, 11, 25, 1, 6, 0, 0, 0, 0, 0, 0, 0, 0, 0, 0, 0, 0]","[['ʃ', 'a', 'b'], ['d̪ʱ', 'a', 'n']]",ʃabd̪ʱan
পেলে,"[15, 5, 12, 5, 0, 0, 0, 0, 0, 0, 0, 0, 0, 0, 0, 0, 0, 0]","[['p', 'e'], ['l', 'e']]",pele
ফজরের,"[27, 8, 18, 3, 2, 5, 2, 0, 0, 0, 0, 0, 0, 0, 0, 0, 0, 0]","[['f', 'ɔ'], ['dʒ', 'o'], ['r', 'e', 'r']]",fɔdʒorer
আভা,"[1, 23, 1, 0, 0, 0, 0, 0, 0, 0, 0, 0, 0, 0, 0, 0, 0, 0]","[['a'], ['bʱ', 'a']]",abʱa
ইউনিফর্ম,"[41, 6, 4, 27, 8, 2, 13, 0, 0, 0, 0, 0, 0, 0, 0, 0, 0, 0]","[['iu̯'], ['n', 'i'], ['f', 'ɔ', 'r', 'm']]",iu̯nifɔrm
চিত্রে,"[22, 4, 9, 2, 5, 0, 0, 0, 0, 0, 0, 0, 0, 0, 0, 0, 0, 0]","[['tʃ', 'i', 't̪'], ['r', 'e']]",tʃit̪re
কমেছে,"[7, 3, 13, 5, 28, 5, 0, 0, 0, 0, 0, 0, 0, 0, 0, 0, 0, 0]","[['k', 'o'], ['m', 'e'], ['tʃʰ', 'e']]",kometʃʰe
তিনজনকে,"[9, 4, 6, 18, 3, 6, 7, 5, 0, 0, 0, 0, 0, 0, 0, 0, 0, 0]","[['t̪', 'i', 'n'], ['dʒ', 'o', 'n'], ['k', 'e']]",t̪indʒonke
টোবাগো,"[17, 3, 11, 1, 20, 3, 0, 0, 0, 0, 0, 0, 0, 0, 0, 0, 0, 0]","[['ʈ', 'o'], ['b', 'a'], ['g', 'o']]",ʈobago
বিকেলের,"[11, 4, 7, 5, 12, 5, 2, 0, 0, 0, 0, 0, 0, 0, 0, 0, 0, 0]","[['b', 'i'], ['k', 'e'], ['l', 'e', 'r']]",bikeler
পারবেন,"[15, 1, 2, 11, 5, 6, 0, 0, 0, 0, 0, 0, 0, 0, 0, 0, 0, 0]","[['p', 'a', 'r'], ['b', 'e', 'n']]",parben
ইস,"[4, 10, 0, 0, 0, 0, 0, 0, 0, 0, 0, 0, 0, 0, 0, 0, 0, 0]","[['i', 'ʃ']]",iʃ
বেআইনি,"[11, 5, 32, 6, 4, 0, 0, 0, 0, 0, 0, 0, 0, 0, 0, 0, 0, 0]","[['b', 'e'], ['ai̯'], ['n', 'i']]",beai̯ni
গলে,"[20, 3, 12, 5, 0, 0, 0, 0, 0, 0, 0, 0, 0, 0, 0, 0, 0, 0]","[['g', 'o'], ['l', 'e']]",gole
কাগজে,"[7, 1, 20, 3, 18, 5, 0, 0, 0, 0, 0, 0, 0, 0, 0, 0, 0, 0]","[['k', 'a'], ['g', 'o'], ['dʒ', 'e']]",kagodʒe
কাজকর্ম,"[7, 1, 18, 7, 8, 2, 13, 3, 0, 0, 0, 0, 0, 0, 0, 0, 0, 0]","[['k', 'a', 'dʒ'], ['k', 'ɔ', 'r'], ['m', 'o']]",kadʒkɔrmo
কোলা,"[7, 3, 12, 1, 0, 0, 0, 0, 0, 0, 0, 0, 0, 0, 0, 0, 0, 0]","[['k', 'o'], ['l', 'a']]",kola
আপনাকেও,"[1, 15, 6, 1, 7, 37, 0, 0, 0, 0, 0, 0, 0, 0, 0, 0, 0, 0]","[['a', 'p'], ['n', 'a'], ['k', 'eo̯']]",apnakeo̯
পিছনের,"[15, 4, 28, 3, 6, 5, 2, 0, 0, 0, 0, 0, 0, 0, 0, 0, 0, 0]","[['p', 'i'], ['tʃʰ', 'o'], ['n', 'e', 'r']]",pitʃʰoner
পত্রের,"[15, 8, 9, 2, 5, 2, 0, 0, 0, 0, 0, 0, 0, 0, 0, 0, 0, 0]","[['p', 'ɔ', 't̪'], ['r', 'e', 'r']]",pɔt̪rer
স্কলারশিপ,"[19, 7, 8, 12, 1, 2, 10, 4, 15, 0, 0, 0, 0, 0, 0, 0, 0, 0]","[['s', 'k', 'ɔ'], ['l', 'a', 'r'], ['ʃ', 'i', 'p']]",skɔlarʃip
আন্তরিক,"[1, 6, 9, 3, 2, 4, 7, 0, 0, 0, 0, 0, 0, 0, 0, 0, 0, 0]","[['a', 'n'], ['t̪', 'o'], ['r', 'i', 'k']]",ant̪orik
দিবসটি,"[16, 4, 11, 3, 10, 17, 4, 0, 0, 0, 0, 0, 0, 0, 0, 0, 0, 0]","[['d̪', 'i'], ['b', 'o', 'ʃ'], ['ʈ', 'i']]",d̪iboʃʈi
আধার,"[1, 25, 1, 2, 0, 0, 0, 0, 0, 0, 0, 0, 0, 0, 0, 0, 0, 0]","[['a'], ['d̪ʱ', 'a', 'r']]",ad̪ʱar
সীমার,"[10, 4, 13, 1, 2, 0, 0, 0, 0, 0, 0, 0, 0, 0, 0, 0, 0, 0]","[['ʃ', 'i'], ['m', 'a', 'r']]",ʃimar
ঈদ,"[4, 16, 0, 0, 0, 0, 0, 0, 0, 0, 0, 0, 0, 0, 0, 0, 0, 0]","[['i', 'd̪']]",id̪
ডাকলে,"[26, 1, 7, 12, 5, 0, 0, 0, 0, 0, 0, 0, 0, 0, 0, 0, 0, 0]","[['ɖ', 'a', 'k'], ['l', 'e']]",ɖakle
ছেড়ে,"[28, 5, 2, 5, 0, 0, 0, 0, 0, 0, 0, 0, 0, 0, 0, 0, 0, 0]","[['tʃʰ', 'e'], ['r', 'e']]",tʃʰere
শিল্পমন্ত্রী,"[10, 4, 12, 15, 3, 13, 3, 6, 9, 2, 4, 0, 0, 0, 0, 0, 0, 0]","[['ʃ', 'i', 'l'], ['p', 'o'], ['m', 'o', 'n'], ['t̪', 'r', 'i']]",ʃilpomont̪ri
উত্তর,"[14, 9, 9, 8, 2, 0, 0, 0, 0, 0, 0, 0, 0, 0, 0, 0, 0, 0]","[['u', 't̪'], ['t̪', 'ɔ', 'r']]",ut̪t̪ɔr
হয়ে,"[21, 3, 5, 0, 0, 0, 0, 0, 0, 0, 0, 0, 0, 0, 0, 0, 0, 0]","[['h', 'o'], ['e']]",hoe
ইনস্টিটিউটের,"[4, 6, 19, 17, 4, 17, 41, 17, 5, 2, 0, 0, 0, 0, 0, 0, 0, 0]","[['i', 'n', 's'], ['ʈ', 'i'], ['ʈ', 'iu̯'], ['ʈ', 'e', 'r']]",insʈiʈiu̯ʈer
আজহা,"[1, 18, 21, 1, 0, 0, 0, 0, 0, 0, 0, 0, 0, 0, 0, 0, 0, 0]","[['a', 'dʒ'], ['h', 'a']]",adʒha
ফেলেছি,"[27, 5, 12, 5, 28, 4, 0, 0, 0, 0, 0, 0, 0, 0, 0, 0, 0, 0]","[['f', 'e'], ['l', 'e'], ['tʃʰ', 'i']]",feletʃʰi
শনি,"[10, 3, 6, 4, 0, 0, 0, 0, 0, 0, 0, 0, 0, 0, 0, 0, 0, 0]","[['ʃ', 'o'], ['n', 'i']]",ʃoni
ঘাটতি,"[34, 1, 17, 9, 4, 0, 0, 0, 0, 0, 0, 0, 0, 0, 0, 0, 0, 0]","[['gʱ', 'a', 'ʈ'], ['t̪', 'i']]",gʱaʈt̪i
প্রেসক্লাবে,"[15, 2, 5, 19, 7, 12, 1, 11, 5, 0, 0, 0, 0, 0, 0, 0, 0, 0]","[['p', 'r', 'e', 's'], ['k', 'l', 'a'], ['b', 'e']]",presklabe
অনেকদিন,"[8, 6, 5, 7, 16, 4, 6, 0, 0, 0, 0, 0, 0, 0, 0, 0, 0, 0]","[['ɔ'], ['n', 'e', 'k'], ['d̪', 'i', 'n']]",ɔnekd̪in
অকার্যকর,"[8, 7, 1, 2, 18, 3, 7, 8, 2, 0, 0, 0, 0, 0, 0, 0, 0, 0]","[['ɔ'], ['k', 'a', 'r'], ['dʒ', 'o'], ['k', 'ɔ', 'r']]",ɔkardʒokɔr
কদম,"[7, 8, 16, 3, 13, 0, 0, 0, 0, 0, 0, 0, 0, 0, 0, 0, 0, 0]","[['k', 'ɔ'], ['d̪', 'o', 'm']]",kɔd̪om
দিনমজুর,"[16, 4, 6, 13, 3, 18, 14, 2, 0, 0, 0, 0, 0, 0, 0, 0, 0, 0]","[['d̪', 'i', 'n'], ['m', 'o'], ['dʒ', 'u', 'r']]",d̪inmodʒur
দূরের,"[16, 14, 2, 5, 2, 0, 0, 0, 0, 0, 0, 0, 0, 0, 0, 0, 0, 0]","[['d̪', 'u'], ['r', 'e', 'r']]",d̪urer
দিবে,"[16, 4, 11, 5, 0, 0, 0, 0, 0, 0, 0, 0, 0, 0, 0, 0, 0, 0]","[['d̪', 'i'], ['b', 'e']]",d̪ibe
সমাজসেবক,"[10, 8, 13, 1, 18, 10, 5, 11, 3, 7, 0, 0, 0, 0, 0, 0, 0, 0]","[['ʃ', 'ɔ'], ['m', 'a', 'dʒ'], ['ʃ', 'e'], ['b', 'o', 'k']]",ʃɔmadʒʃebok
করবা,"[7, 3, 2, 11, 1, 0, 0, 0, 0, 0, 0, 0, 0, 0, 0, 0, 0, 0]","[['k', 'o', 'r'], ['b', 'a']]",korba
কালকের,"[7, 1, 12, 7, 5, 2, 0, 0, 0, 0, 0, 0, 0, 0, 0, 0, 0, 0]","[['k', 'a', 'l'], ['k', 'e', 'r']]",kalker
এতোটা,"[29, 9, 3, 17, 1, 0, 0, 0, 0, 0, 0, 0, 0, 0, 0, 0, 0, 0]","[['æ'], ['t̪', 'o'], ['ʈ', 'a']]",æt̪oʈa
পদত্যাগের,"[15, 8, 16, 3, 9, 29, 20, 5, 2, 0, 0, 0, 0, 0, 0, 0, 0, 0]","[['p', 'ɔ'], ['d̪', 'o'], ['t̪', 'æ'], ['g', 'e', 'r']]",pɔd̪ot̪æger
বুদ্ধ,"[11, 14, 16, 25, 3, 0, 0, 0, 0, 0, 0, 0, 0, 0, 0, 0, 0, 0]","[['b', 'u', 'd̪'], ['d̪ʱ', 'o']]",bud̪d̪ʱo
কর্মসূচির,"[7, 8, 2, 13, 3, 10, 14, 22, 4, 2, 0, 0, 0, 0, 0, 0, 0, 0]","[['k', 'ɔ', 'r'], ['m', 'o'], ['ʃ', 'u'], ['tʃ', 'i', 'r']]",kɔrmoʃutʃir
স্বাস্থ্যকর,"[10, 1, 19, 30, 3, 7, 8, 2, 0, 0, 0, 0, 0, 0, 0, 0, 0, 0]","[['ʃ', 'a', 's'], ['t̪ʰ', 'o'], ['k', 'ɔ', 'r']]",ʃast̪ʰokɔr
নিরাশ,"[6, 4, 2, 1, 10, 0, 0, 0, 0, 0, 0, 0, 0, 0, 0, 0, 0, 0]","[['n', 'i'], ['r', 'a', 'ʃ']]",niraʃ
বেগুনি,"[11, 5, 20, 14, 6, 4, 0, 0, 0, 0, 0, 0, 0, 0, 0, 0, 0, 0]","[['b', 'e'], ['g', 'u'], ['n', 'i']]",beguni
চাইবে,"[22, 32, 11, 5, 0, 0, 0, 0, 0, 0, 0, 0, 0, 0, 0, 0, 0, 0]","[['tʃ', 'ai̯'], ['b', 'e']]",tʃai̯be
মটর,"[13, 8, 17, 3, 2, 0, 0, 0, 0, 0, 0, 0, 0, 0, 0, 0, 0, 0]","[['m', 'ɔ'], ['ʈ', 'o', 'r']]",mɔʈor
সম্প্রদায়,"[10, 8, 13, 15, 2, 3, 16, 40, 0, 0, 0, 0, 0, 0, 0, 0, 0, 0]","[['ʃ', 'ɔ', 'm'], ['p', 'r', 'o'], ['d̪', 'ae̯']]",ʃɔmprod̪ae̯
আত্মবিশ্বাস,"[1, 9, 9, 3, 11, 4, 10, 10, 1, 10, 0, 0, 0, 0, 0, 0, 0, 0]","[['a', 't̪'], ['t̪', 'o'], ['b', 'i', 'ʃ'], ['ʃ', 'a', 'ʃ']]",at̪t̪obiʃʃaʃ
পুত্রকে,"[15, 14, 9, 2, 3, 7, 5, 0, 0, 0, 0, 0, 0, 0, 0, 0, 0, 0]","[['p', 'u', 't̪'], ['r', 'o'], ['k', 'e']]",put̪roke
শোতে,"[10, 3, 9, 5, 0, 0, 0, 0, 0, 0, 0, 0, 0, 0, 0, 0, 0, 0]","[['ʃ', 'o'], ['t̪', 'e']]",ʃot̪e
কবির,"[7, 3, 11, 4, 2, 0, 0, 0, 0, 0, 0, 0, 0, 0, 0, 0, 0, 0]","[['k', 'o'], ['b', 'i', 'r']]",kobir
বেগম,"[11, 5, 20, 8, 13, 0, 0, 0, 0, 0, 0, 0, 0, 0, 0, 0, 0, 0]","[['b', 'e'], ['g', 'ɔ', 'm']]",begɔm
চাঁদা,"[22, 1, 16, 1, 0, 0, 0, 0, 0, 0, 0, 0, 0, 0, 0, 0, 0, 0]","[['tʃ', 'a'], ['d̪', 'a']]",tʃad̪a
বগুড়া,"[11, 3, 20, 14, 2, 1, 0, 0, 0, 0, 0, 0, 0, 0, 0, 0, 0, 0]","[['b', 'o'], ['g', 'u'], ['r', 'a']]",bogura
জানতে,"[18, 1, 6, 9, 5, 0, 0, 0, 0, 0, 0, 0, 0, 0, 0, 0, 0, 0]","[['dʒ', 'a', 'n'], ['t̪', 'e']]",dʒant̪e
দিলেই,"[16, 4, 12, 33, 0, 0, 0, 0, 0, 0, 0, 0, 0, 0, 0, 0, 0, 0]","[['d̪', 'i'], ['l', 'ei̯']]",d̪ilei̯
প্রতিপক্ষকে,"[15, 2, 3, 9, 4, 15, 8, 7, 24, 3, 7, 5, 0, 0, 0, 0, 0, 0]","[['p', 'r', 'o'], ['t̪', 'i'], ['p', 'ɔ', 'k'], ['kʰ', 'o'], ['k', 'e']]",prot̪ipɔkkʰoke
মারধর,"[13, 1, 2, 25, 8, 2, 0, 0, 0, 0, 0, 0, 0, 0, 0, 0, 0, 0]","[['m', 'a', 'r'], ['d̪ʱ', 'ɔ', 'r']]",mard̪ʱɔr
কাজ,"[7, 1, 18, 0, 0, 0, 0, 0, 0, 0, 0, 0, 0, 0, 0, 0, 0, 0]","[['k', 'a', 'dʒ']]",kadʒ
পারব,"[15, 1, 2, 11, 3, 0, 0, 0, 0, 0, 0, 0, 0, 0, 0, 0, 0, 0]","[['p', 'a', 'r'], ['b', 'o']]",parbo
পশুদের,"[15, 3, 10, 14, 16, 5, 2, 0, 0, 0, 0, 0, 0, 0, 0, 0, 0, 0]","[['p', 'o'], ['ʃ', 'u'], ['d̪', 'e', 'r']]",poʃud̪er
আইনমন্ত্রী,"[32, 6, 13, 3, 6, 9, 2, 4, 0, 0, 0, 0, 0, 0, 0, 0, 0, 0]","[['ai̯', 'n'], ['m', 'o', 'n'], ['t̪', 'r', 'i']]",ai̯nmont̪ri
লেবেল,"[12, 5, 11, 5, 12, 0, 0, 0, 0, 0, 0, 0, 0, 0, 0, 0, 0, 0]","[['l', 'e'], ['b', 'e', 'l']]",lebel
পেটে,"[15, 5, 17, 5, 0, 0, 0, 0, 0, 0, 0, 0, 0, 0, 0, 0, 0, 0]","[['p', 'e'], ['ʈ', 'e']]",peʈe
বার্ট,"[11, 1, 2, 17, 0, 0, 0, 0, 0, 0, 0, 0, 0, 0, 0, 0, 0, 0]","[['b', 'a', 'r', 'ʈ']]",barʈ
হত্যাযজ্ঞ,"[21, 3, 9, 9, 1, 18, 3, 20, 20, 3, 0, 0, 0, 0, 0, 0, 0, 0]","[['h', 'o', 't̪'], ['t̪', 'a'], ['dʒ', 'o', 'g'], ['g', 'o']]",hot̪t̪adʒoggo
নেই,"[6, 33, 0, 0, 0, 0, 0, 0, 0, 0, 0, 0, 0, 0, 0, 0, 0, 0]","[['n', 'ei̯']]",nei̯
ওইদিন,"[35, 16, 4, 6, 0, 0, 0, 0, 0, 0, 0, 0, 0, 0, 0, 0, 0, 0]","[['oi̯'], ['d̪', 'i', 'n']]",oi̯d̪in
প্রকট,"[15, 2, 3, 7, 8, 17, 0, 0, 0, 0, 0, 0, 0, 0, 0, 0, 0, 0]","[['p', 'r', 'o'], ['k', 'ɔ', 'ʈ']]",prokɔʈ
লাগা,"[12, 1, 20, 1, 0, 0, 0, 0, 0, 0, 0, 0, 0, 0, 0, 0, 0, 0]","[['l', 'a'], ['g', 'a']]",laga
আবেগের,"[1, 11, 5, 20, 5, 2, 0, 0, 0, 0, 0, 0, 0, 0, 0, 0, 0, 0]","[['a'], ['b', 'e'], ['g', 'e', 'r']]",abeger
মেহেদী,"[13, 5, 21, 5, 16, 4, 0, 0, 0, 0, 0, 0, 0, 0, 0, 0, 0, 0]","[['m', 'e'], ['h', 'e'], ['d̪', 'i']]",mehed̪i
শ্বাস,"[10, 1, 10, 0, 0, 0, 0, 0, 0, 0, 0, 0, 0, 0, 0, 0, 0, 0]","[['ʃ', 'a', 'ʃ']]",ʃaʃ
হামলা,"[21, 1, 13, 12, 1, 0, 0, 0, 0, 0, 0, 0, 0, 0, 0, 0, 0, 0]","[['h', 'a', 'm'], ['l', 'a']]",hamla
করমু,"[7, 3, 2, 13, 14, 0, 0, 0, 0, 0, 0, 0, 0, 0, 0, 0, 0, 0]","[['k', 'o', 'r'], ['m', 'u']]",kormu
করতেন,"[7, 3, 2, 9, 5, 6, 0, 0, 0, 0, 0, 0, 0, 0, 0, 0, 0, 0]","[['k', 'o', 'r'], ['t̪', 'e', 'n']]",kort̪en
শেখ,"[10, 5, 24, 0, 0, 0, 0, 0, 0, 0, 0, 0, 0, 0, 0, 0, 0, 0]","[['ʃ', 'e', 'kʰ']]",ʃekʰ
আরেকবার,"[1, 2, 5, 7, 11, 1, 2, 0, 0, 0, 0, 0, 0, 0, 0, 0, 0, 0]","[['a'], ['r', 'e', 'k'], ['b', 'a', 'r']]",arekbar
কার্যত,"[7, 1, 2, 18, 3, 9, 3, 0, 0, 0, 0, 0, 0, 0, 0, 0, 0, 0]","[['k', 'a', 'r'], ['dʒ', 'o'], ['t̪', 'o']]",kardʒot̪o
লিমিটেডের,"[12, 4, 13, 4, 17, 5, 26, 5, 2, 0, 0, 0, 0, 0, 0, 0, 0, 0]","[['l', 'i'], ['m', 'i'], ['ʈ', 'e'], ['ɖ', 'e', 'r']]",limiʈeɖer
ফোটে,"[27, 3, 17, 5, 0, 0, 0, 0, 0, 0, 0, 0, 0, 0, 0, 0, 0, 0]","[['f', 'o'], ['ʈ', 'e']]",foʈe
সুদর্শন,"[10, 14, 16, 8, 2, 10, 8, 6, 0, 0, 0, 0, 0, 0, 0, 0, 0, 0]","[['ʃ', 'u'], ['d̪', 'ɔ', 'r'], ['ʃ', 'ɔ', 'n']]",ʃud̪ɔrʃɔn
শেখার,"[10, 5, 24, 1, 2, 0, 0, 0, 0, 0, 0, 0, 0, 0, 0, 0, 0, 0]","[['ʃ', 'e'], ['kʰ', 'a', 'r']]",ʃekʰar
মতামতের,"[13, 8, 9, 1, 13, 8, 9, 5, 2, 0, 0, 0, 0, 0, 0, 0, 0, 0]","[['m', 'ɔ'], ['t̪', 'a'], ['m', 'ɔ'], ['t̪', 'e', 'r']]",mɔt̪amɔt̪er
আরমান,"[1, 2, 13, 1, 6, 0, 0, 0, 0, 0, 0, 0, 0, 0, 0, 0, 0, 0]","[['a', 'r'], ['m', 'a', 'n']]",arman
ক্ষতিগ্রস্ত,"[24, 3, 9, 4, 20, 2, 3, 19, 9, 3, 0, 0, 0, 0, 0, 0, 0, 0]","[['kʰ', 'o'], ['t̪', 'i'], ['g', 'r', 'o', 's'], ['t̪', 'o']]",kʰot̪igrost̪o
খ্যাতি,"[24, 29, 9, 4, 0, 0, 0, 0, 0, 0, 0, 0, 0, 0, 0, 0, 0, 0]","[['kʰ', 'æ'], ['t̪', 'i']]",kʰæt̪i
রুটির,"[2, 14, 17, 4, 2, 0, 0, 0, 0, 0, 0, 0, 0, 0, 0, 0, 0, 0]","[['r', 'u'], ['ʈ', 'i', 'r']]",ruʈir
মর,"[13, 8, 2, 0, 0, 0, 0, 0, 0, 0, 0, 0, 0, 0, 0, 0, 0, 0]","[['m', 'ɔ', 'r']]",mɔr
মেঝেতে,"[13, 5, 42, 5, 9, 5, 0, 0, 0, 0, 0, 0, 0, 0, 0, 0, 0, 0]","[['m', 'e'], ['dʒʱ', 'e'], ['t̪', 'e']]",medʒʱet̪e
কীসের,"[7, 4, 10, 5, 2, 0, 0, 0, 0, 0, 0, 0, 0, 0, 0, 0, 0, 0]","[['k', 'i'], ['ʃ', 'e', 'r']]",kiʃer
শক্তি,"[10, 3, 7, 9, 4, 0, 0, 0, 0, 0, 0, 0, 0, 0, 0, 0, 0, 0]","[['ʃ', 'o', 'k'], ['t̪', 'i']]",ʃokt̪i
বরগুনা,"[11, 8, 2, 20, 14, 6, 1, 0, 0, 0, 0, 0, 0, 0, 0, 0, 0, 0]","[['b', 'ɔ', 'r'], ['g', 'u'], ['n', 'a']]",bɔrguna
কালাম,"[7, 1, 12, 1, 13, 0, 0, 0, 0, 0, 0, 0, 0, 0, 0, 0, 0, 0]","[['k', 'a'], ['l', 'a', 'm']]",kalam
চারপাশ,"[22, 1, 2, 15, 1, 10, 0, 0, 0, 0, 0, 0, 0, 0, 0, 0, 0, 0]","[['tʃ', 'a', 'r'], ['p', 'a', 'ʃ']]",tʃarpaʃ
সীমা,"[10, 4, 13, 1, 0, 0, 0, 0, 0, 0, 0, 0, 0, 0, 0, 0, 0, 0]","[['ʃ', 'i'], ['m', 'a']]",ʃima
জেল,"[18, 5, 12, 0, 0, 0, 0, 0, 0, 0, 0, 0, 0, 0, 0, 0, 0, 0]","[['dʒ', 'e', 'l']]",dʒel
কোষ,"[7, 3, 10, 0, 0, 0, 0, 0, 0, 0, 0, 0, 0, 0, 0, 0, 0, 0]","[['k', 'o', 'ʃ']]",koʃ
গুণ,"[20, 14, 6, 0, 0, 0, 0, 0, 0, 0, 0, 0, 0, 0, 0, 0, 0, 0]","[['g', 'u', 'n']]",gun
বিপক্ষে,"[11, 4, 15, 8, 7, 24, 5, 0, 0, 0, 0, 0, 0, 0, 0, 0, 0, 0]","[['b', 'i'], ['p', 'ɔ', 'k'], ['kʰ', 'e']]",bipɔkkʰe
রবীন্দ্র,"[2, 3, 11, 4, 6, 16, 2, 3, 0, 0, 0, 0, 0, 0, 0, 0, 0, 0]","[['r', 'o'], ['b', 'i', 'n'], ['d̪', 'r', 'o']]",robind̪ro
পলিটেকনিক,"[15, 8, 12, 4, 17, 5, 7, 6, 4, 7, 0, 0, 0, 0, 0, 0, 0, 0]","[['p', 'ɔ'], ['l', 'i'], ['ʈ', 'e', 'k'], ['n', 'i', 'k']]",pɔliʈeknik
কণা,"[7, 8, 6, 1, 0, 0, 0, 0, 0, 0, 0, 0, 0, 0, 0, 0, 0, 0]","[['k', 'ɔ'], ['n', 'a']]",kɔna
উৎসব,"[14, 9, 10, 8, 11, 0, 0, 0, 0, 0, 0, 0, 0, 0, 0, 0, 0, 0]","[['u', 't̪'], ['ʃ', 'ɔ', 'b']]",ut̪ʃɔb
দৈনিক,"[16, 35, 6, 4, 7, 0, 0, 0, 0, 0, 0, 0, 0, 0, 0, 0, 0, 0]","[['d̪', 'oi̯'], ['n', 'i', 'k']]",d̪oi̯nik
হোসেনকে,"[21, 3, 19, 5, 6, 7, 5, 0, 0, 0, 0, 0, 0, 0, 0, 0, 0, 0]","[['h', 'o'], ['s', 'e', 'n'], ['k', 'e']]",hosenke
মাস,"[13, 1, 10, 0, 0, 0, 0, 0, 0, 0, 0, 0, 0, 0, 0, 0, 0, 0]","[['m', 'a', 'ʃ']]",maʃ
রাই,"[2, 32, 0, 0, 0, 0, 0, 0, 0, 0, 0, 0, 0, 0, 0, 0, 0, 0]","[['r', 'ai̯']]",rai̯
সালমান,"[19, 1, 12, 13, 1, 6, 0, 0, 0, 0, 0, 0, 0, 0, 0, 0, 0, 0]","[['s', 'a', 'l'], ['m', 'a', 'n']]",salman
বৃটিশ,"[11, 2, 4, 17, 4, 10, 0, 0, 0, 0, 0, 0, 0, 0, 0, 0, 0, 0]","[['b', 'r', 'i'], ['ʈ', 'i', 'ʃ']]",briʈiʃ
সত্যটা,"[10, 3, 9, 9, 3, 17, 1, 0, 0, 0, 0, 0, 0, 0, 0, 0, 0, 0]","[['ʃ', 'o', 't̪'], ['t̪', 'o'], ['ʈ', 'a']]",ʃot̪t̪oʈa
দালাল,"[16, 1, 12, 1, 12, 0, 0, 0, 0, 0, 0, 0, 0, 0, 0, 0, 0, 0]","[['d̪', 'a'], ['l', 'a', 'l']]",d̪alal
দলে,"[16, 8, 12, 5, 0, 0, 0, 0, 0, 0, 0, 0, 0, 0, 0, 0, 0, 0]","[['d̪', 'ɔ'], ['l', 'e']]",d̪ɔle
আসমা,"[1, 19, 13, 1, 0, 0, 0, 0, 0, 0, 0, 0, 0, 0, 0, 0, 0, 0]","[['a', 's'], ['m', 'a']]",asma
লরি,"[12, 8, 2, 4, 0, 0, 0, 0, 0, 0, 0, 0, 0, 0, 0, 0, 0, 0]","[['l', 'ɔ'], ['r', 'i']]",lɔri
জেন,"[18, 5, 6, 0, 0, 0, 0, 0, 0, 0, 0, 0, 0, 0, 0, 0, 0, 0]","[['dʒ', 'e', 'n']]",dʒen
ভাবতেই,"[23, 1, 11, 9, 33, 0, 0, 0, 0, 0, 0, 0, 0, 0, 0, 0, 0, 0]","[['bʱ', 'a', 'b'], ['t̪', 'ei̯']]",bʱabt̪ei̯
নামটি,"[6, 1, 13, 17, 4, 0, 0, 0, 0, 0, 0, 0, 0, 0, 0, 0, 0, 0]","[['n', 'a', 'm'], ['ʈ', 'i']]",namʈi
আজকের,"[1, 18, 7, 5, 2, 0, 0, 0, 0, 0, 0, 0, 0, 0, 0, 0, 0, 0]","[['a', 'dʒ'], ['k', 'e', 'r']]",adʒker
ডাটা,"[26, 1, 17, 1, 0, 0, 0, 0, 0, 0, 0, 0, 0, 0, 0, 0, 0, 0]","[['ɖ', 'a'], ['ʈ', 'a']]",ɖaʈa
রোডের,"[2, 3, 26, 5, 2, 0, 0, 0, 0, 0, 0, 0, 0, 0, 0, 0, 0, 0]","[['r', 'o'], ['ɖ', 'e', 'r']]",roɖer
আজারবাইজান,"[1, 18, 1, 2, 11, 32, 18, 1, 6, 0, 0, 0, 0, 0, 0, 0, 0, 0]","[['a'], ['dʒ', 'a', 'r'], ['b', 'ai̯'], ['dʒ', 'a', 'n']]",adʒarbai̯dʒan
স্টার,"[19, 17, 1, 2, 0, 0, 0, 0, 0, 0, 0, 0, 0, 0, 0, 0, 0, 0]","[['s', 'ʈ', 'a', 'r']]",sʈar
মোরা,"[13, 3, 2, 1, 0, 0, 0, 0, 0, 0, 0, 0, 0, 0, 0, 0, 0, 0]","[['m', 'o'], ['r', 'a']]",mora
এডি,"[5, 26, 4, 0, 0, 0, 0, 0, 0, 0, 0, 0, 0, 0, 0, 0, 0, 0]","[['e'], ['ɖ', 'i']]",eɖi
মলে,"[13, 8, 12, 5, 0, 0, 0, 0, 0, 0, 0, 0, 0, 0, 0, 0, 0, 0]","[['m', 'ɔ'], ['l', 'e']]",mɔle
আই,"[32, 0, 0, 0, 0, 0, 0, 0, 0, 0, 0, 0, 0, 0, 0, 0, 0, 0]",[['ai̯']],ai̯
সবার,"[10, 8, 11, 1, 2, 0, 0, 0, 0, 0, 0, 0, 0, 0, 0, 0, 0, 0]","[['ʃ', 'ɔ'], ['b', 'a', 'r']]",ʃɔbar
পশ্চিমবঙ্গে,"[15, 3, 10, 22, 4, 13, 11, 3, 31, 20, 5, 0, 0, 0, 0, 0, 0, 0]","[['p', 'o', 'ʃ'], ['tʃ', 'i', 'm'], ['b', 'o', 'ŋ'], ['g', 'e']]",poʃtʃimboŋge
আদম,"[1, 16, 3, 13, 0, 0, 0, 0, 0, 0, 0, 0, 0, 0, 0, 0, 0, 0]","[['a'], ['d̪', 'o', 'm']]",ad̪om
সম্প্রচারের,"[10, 8, 13, 15, 2, 3, 22, 1, 2, 5, 2, 0, 0, 0, 0, 0, 0, 0]","[['ʃ', 'ɔ', 'm'], ['p', 'r', 'o'], ['tʃ', 'a'], ['r', 'e', 'r']]",ʃɔmprotʃarer
দেয়াল,"[16, 5, 1, 12, 0, 0, 0, 0, 0, 0, 0, 0, 0, 0, 0, 0, 0, 0]","[['d̪', 'e'], ['a', 'l']]",d̪eal
বাঁধার,"[11, 1, 25, 1, 2, 0, 0, 0, 0, 0, 0, 0, 0, 0, 0, 0, 0, 0]","[['b', 'a'], ['d̪ʱ', 'a', 'r']]",bad̪ʱar
সূচকে,"[10, 14, 22, 3, 7, 5, 0, 0, 0, 0, 0, 0, 0, 0, 0, 0, 0, 0]","[['ʃ', 'u'], ['tʃ', 'o'], ['k', 'e']]",ʃutʃoke
আরাকান,"[1, 2, 1, 7, 1, 6, 0, 0, 0, 0, 0, 0, 0, 0, 0, 0, 0, 0]","[['a'], ['r', 'a'], ['k', 'a', 'n']]",arakan
বুকে,"[11, 14, 7, 5, 0, 0, 0, 0, 0, 0, 0, 0, 0, 0, 0, 0, 0, 0]","[['b', 'u'], ['k', 'e']]",buke
কঠোরভাবে,"[7, 8, 36, 3, 2, 23, 1, 11, 5, 0, 0, 0, 0, 0, 0, 0, 0, 0]","[['k', 'ɔ'], ['ʈʰ', 'o', 'r'], ['bʱ', 'a'], ['b', 'e']]",kɔʈʰorbʱabe
চেয়েছিলাম,"[22, 5, 5, 28, 4, 12, 1, 13, 0, 0, 0, 0, 0, 0, 0, 0, 0, 0]","[['tʃ', 'e'], ['e'], ['tʃʰ', 'i'], ['l', 'a', 'm']]",tʃeetʃʰilam
লিখতে,"[12, 4, 24, 9, 5, 0, 0, 0, 0, 0, 0, 0, 0, 0, 0, 0, 0, 0]","[['l', 'i', 'kʰ'], ['t̪', 'e']]",likʰt̪e
চারদিন,"[22, 1, 2, 16, 4, 6, 0, 0, 0, 0, 0, 0, 0, 0, 0, 0, 0, 0]","[['tʃ', 'a', 'r'], ['d̪', 'i', 'n']]",tʃard̪in
একাধিকবার,"[29, 7, 1, 25, 4, 7, 11, 1, 2, 0, 0, 0, 0, 0, 0, 0, 0, 0]","[['æ'], ['k', 'a'], ['d̪ʱ', 'i', 'k'], ['b', 'a', 'r']]",ækad̪ʱikbar
থাকবেন,"[30, 1, 7, 11, 5, 6, 0, 0, 0, 0, 0, 0, 0, 0, 0, 0, 0, 0]","[['t̪ʰ', 'a', 'k'], ['b', 'e', 'n']]",t̪ʰakben
যেটি,"[18, 5, 17, 4, 0, 0, 0, 0, 0, 0, 0, 0, 0, 0, 0, 0, 0, 0]","[['dʒ', 'e'], ['ʈ', 'i']]",dʒeʈi
বাঁচার,"[11, 1, 22, 1, 2, 0, 0, 0, 0, 0, 0, 0, 0, 0, 0, 0, 0, 0]","[['b', 'a'], ['tʃ', 'a', 'r']]",batʃar
তাকেও,"[9, 1, 7, 37, 0, 0, 0, 0, 0, 0, 0, 0, 0, 0, 0, 0, 0, 0]","[['t̪', 'a'], ['k', 'eo̯']]",t̪akeo̯
এন,"[5, 6, 0, 0, 0, 0, 0, 0, 0, 0, 0, 0, 0, 0, 0, 0, 0, 0]","[['e', 'n']]",en
ইংল্যান্ড,"[4, 31, 12, 29, 6, 26, 0, 0, 0, 0, 0, 0, 0, 0, 0, 0, 0, 0]","[['i', 'ŋ'], ['l', 'æ', 'n', 'ɖ']]",iŋlænɖ
তুলা,"[9, 14, 12, 1, 0, 0, 0, 0, 0, 0, 0, 0, 0, 0, 0, 0, 0, 0]","[['t̪', 'u'], ['l', 'a']]",t̪ula
লাইনের,"[12, 32, 6, 5, 2, 0, 0, 0, 0, 0, 0, 0, 0, 0, 0, 0, 0, 0]","[['l', 'ai̯'], ['n', 'e', 'r']]",lai̯ner
সেতুতে,"[10, 5, 9, 14, 9, 5, 0, 0, 0, 0, 0, 0, 0, 0, 0, 0, 0, 0]","[['ʃ', 'e'], ['t̪', 'u'], ['t̪', 'e']]",ʃet̪ut̪e
বলবৎ,"[11, 8, 12, 11, 3, 9, 0, 0, 0, 0, 0, 0, 0, 0, 0, 0, 0, 0]","[['b', 'ɔ', 'l'], ['b', 'o', 't̪']]",bɔlbot̪
কৃষি,"[7, 2, 4, 10, 4, 0, 0, 0, 0, 0, 0, 0, 0, 0, 0, 0, 0, 0]","[['k', 'r', 'i'], ['ʃ', 'i']]",kriʃi
টিভি,"[17, 4, 23, 4, 0, 0, 0, 0, 0, 0, 0, 0, 0, 0, 0, 0, 0, 0]","[['ʈ', 'i'], ['bʱ', 'i']]",ʈibʱi
বিশ্বমানের,"[11, 4, 10, 10, 3, 13, 1, 6, 5, 2, 0, 0, 0, 0, 0, 0, 0, 0]","[['b', 'i', 'ʃ'], ['ʃ', 'o'], ['m', 'a'], ['n', 'e', 'r']]",biʃʃomaner
দুটির,"[16, 14, 17, 4, 2, 0, 0, 0, 0, 0, 0, 0, 0, 0, 0, 0, 0, 0]","[['d̪', 'u'], ['ʈ', 'i', 'r']]",d̪uʈir
উমর,"[14, 13, 8, 2, 0, 0, 0, 0, 0, 0, 0, 0, 0, 0, 0, 0, 0, 0]","[['u'], ['m', 'ɔ', 'r']]",umɔr
সেল,"[19, 5, 12, 0, 0, 0, 0, 0, 0, 0, 0, 0, 0, 0, 0, 0, 0, 0]","[['s', 'e', 'l']]",sel
বরখাস্ত,"[11, 8, 2, 24, 1, 19, 9, 3, 0, 0, 0, 0, 0, 0, 0, 0, 0, 0]","[['b', 'ɔ', 'r'], ['kʰ', 'a', 's'], ['t̪', 'o']]",bɔrkʰast̪o
গজল,"[20, 8, 18, 3, 12, 0, 0, 0, 0, 0, 0, 0, 0, 0, 0, 0, 0, 0]","[['g', 'ɔ'], ['dʒ', 'o', 'l']]",gɔdʒol
এনেছিলেন,"[5, 6, 5, 28, 4, 12, 5, 6, 0, 0, 0, 0, 0, 0, 0, 0, 0, 0]","[['e'], ['n', 'e'], ['tʃʰ', 'i'], ['l', 'e', 'n']]",enetʃʰilen
রাজপথ,"[2, 1, 18, 15, 8, 30, 0, 0, 0, 0, 0, 0, 0, 0, 0, 0, 0, 0]","[['r', 'a', 'dʒ'], ['p', 'ɔ', 't̪ʰ']]",radʒpɔt̪ʰ
বাটন,"[11, 1, 17, 3, 6, 0, 0, 0, 0, 0, 0, 0, 0, 0, 0, 0, 0, 0]","[['b', 'a'], ['ʈ', 'o', 'n']]",baʈon
নেতার,"[6, 5, 9, 1, 2, 0, 0, 0, 0, 0, 0, 0, 0, 0, 0, 0, 0, 0]","[['n', 'e'], ['t̪', 'a', 'r']]",net̪ar
আশির,"[1, 10, 4, 2, 0, 0, 0, 0, 0, 0, 0, 0, 0, 0, 0, 0, 0, 0]","[['a'], ['ʃ', 'i', 'r']]",aʃir
জলে,"[18, 8, 12, 5, 0, 0, 0, 0, 0, 0, 0, 0, 0, 0, 0, 0, 0, 0]","[['dʒ', 'ɔ'], ['l', 'e']]",dʒɔle
পেয়েছিলেন,"[15, 5, 5, 28, 4, 12, 5, 6, 0, 0, 0, 0, 0, 0, 0, 0, 0, 0]","[['p', 'e'], ['e'], ['tʃʰ', 'i'], ['l', 'e', 'n']]",peetʃʰilen
কোথায়,"[7, 3, 30, 40, 0, 0, 0, 0, 0, 0, 0, 0, 0, 0, 0, 0, 0, 0]","[['k', 'o'], ['t̪ʰ', 'ae̯']]",kot̪ʰae̯
সাংবাদিককে,"[10, 1, 31, 11, 1, 16, 4, 7, 7, 5, 0, 0, 0, 0, 0, 0, 0, 0]","[['ʃ', 'a', 'ŋ'], ['b', 'a'], ['d̪', 'i', 'k'], ['k', 'e']]",ʃaŋbad̪ikke
করছে,"[7, 3, 2, 28, 5, 0, 0, 0, 0, 0, 0, 0, 0, 0, 0, 0, 0, 0]","[['k', 'o', 'r'], ['tʃʰ', 'e']]",kortʃʰe
ঘটেছে,"[34, 8, 17, 5, 28, 5, 0, 0, 0, 0, 0, 0, 0, 0, 0, 0, 0, 0]","[['gʱ', 'ɔ'], ['ʈ', 'e'], ['tʃʰ', 'e']]",gʱɔʈetʃʰe
যার,"[18, 1, 2, 0, 0, 0, 0, 0, 0, 0, 0, 0, 0, 0, 0, 0, 0, 0]","[['dʒ', 'a', 'r']]",dʒar
টাইগার,"[17, 32, 20, 1, 2, 0, 0, 0, 0, 0, 0, 0, 0, 0, 0, 0, 0, 0]","[['ʈ', 'ai̯'], ['g', 'a', 'r']]",ʈai̯gar
ভূখণ্ড,"[23, 14, 24, 8, 6, 26, 3, 0, 0, 0, 0, 0, 0, 0, 0, 0, 0, 0]","[['bʱ', 'u'], ['kʰ', 'ɔ', 'n'], ['ɖ', 'o']]",bʱukʰɔnɖo
সেইরকম,"[10, 33, 2, 8, 7, 3, 13, 0, 0, 0, 0, 0, 0, 0, 0, 0, 0, 0]","[['ʃ', 'ei̯'], ['r', 'ɔ'], ['k', 'o', 'm']]",ʃei̯rɔkom
ভক্তরা,"[23, 8, 7, 9, 3, 2, 1, 0, 0, 0, 0, 0, 0, 0, 0, 0, 0, 0]","[['bʱ', 'ɔ', 'k'], ['t̪', 'o'], ['r', 'a']]",bʱɔkt̪ora
পশ্চিমবঙ্গের,"[15, 3, 10, 22, 4, 13, 11, 3, 31, 20, 5, 2, 0, 0, 0, 0, 0, 0]","[['p', 'o', 'ʃ'], ['tʃ', 'i', 'm'], ['b', 'o', 'ŋ'], ['g', 'e', 'r']]",poʃtʃimboŋger
পরিদর্শক,"[15, 3, 2, 4, 16, 8, 2, 10, 3, 7, 0, 0, 0, 0, 0, 0, 0, 0]","[['p', 'o'], ['r', 'i'], ['d̪', 'ɔ', 'r'], ['ʃ', 'o', 'k']]",porid̪ɔrʃok
কুসংস্কার,"[7, 14, 10, 8, 31, 10, 7, 1, 2, 0, 0, 0, 0, 0, 0, 0, 0, 0]","[['k', 'u'], ['ʃ', 'ɔ', 'ŋ', 'ʃ'], ['k', 'a', 'r']]",kuʃɔŋʃkar
হবার,"[21, 8, 11, 1, 2, 0, 0, 0, 0, 0, 0, 0, 0, 0, 0, 0, 0, 0]","[['h', 'ɔ'], ['b', 'a', 'r']]",hɔbar
আলী,"[1, 12, 4, 0, 0, 0, 0, 0, 0, 0, 0, 0, 0, 0, 0, 0, 0, 0]","[['a'], ['l', 'i']]",ali
চর,"[22, 8, 2, 0, 0, 0, 0, 0, 0, 0, 0, 0, 0, 0, 0, 0, 0, 0]","[['tʃ', 'ɔ', 'r']]",tʃɔr
খেলায়,"[24, 29, 12, 40, 0, 0, 0, 0, 0, 0, 0, 0, 0, 0, 0, 0, 0, 0]","[['kʰ', 'æ'], ['l', 'ae̯']]",kʰælae̯
সাংহাই,"[10, 1, 31, 21, 32, 0, 0, 0, 0, 0, 0, 0, 0, 0, 0, 0, 0, 0]","[['ʃ', 'a', 'ŋ'], ['h', 'ai̯']]",ʃaŋhai̯
তোলেন,"[9, 3, 12, 5, 6, 0, 0, 0, 0, 0, 0, 0, 0, 0, 0, 0, 0, 0]","[['t̪', 'o'], ['l', 'e', 'n']]",t̪olen
বিমানবন্দরে,"[11, 4, 13, 1, 6, 11, 8, 6, 16, 8, 2, 5, 0, 0, 0, 0, 0, 0]","[['b', 'i'], ['m', 'a', 'n'], ['b', 'ɔ', 'n'], ['d̪', 'ɔ'], ['r', 'e']]",bimanbɔnd̪ɔre
পারল,"[15, 1, 2, 12, 3, 0, 0, 0, 0, 0, 0, 0, 0, 0, 0, 0, 0, 0]","[['p', 'a', 'r'], ['l', 'o']]",parlo
সেটাই,"[10, 5, 17, 32, 0, 0, 0, 0, 0, 0, 0, 0, 0, 0, 0, 0, 0, 0]","[['ʃ', 'e'], ['ʈ', 'ai̯']]",ʃeʈai̯
ভাসতে,"[23, 1, 10, 9, 5, 0, 0, 0, 0, 0, 0, 0, 0, 0, 0, 0, 0, 0]","[['bʱ', 'a', 'ʃ'], ['t̪', 'e']]",bʱaʃt̪e
আন্তরিকতার,"[1, 6, 9, 3, 2, 4, 7, 8, 9, 1, 2, 0, 0, 0, 0, 0, 0, 0]","[['a', 'n'], ['t̪', 'o'], ['r', 'i'], ['k', 'ɔ'], ['t̪', 'a', 'r']]",ant̪orikɔt̪ar
প্রমাণ,"[15, 2, 3, 13, 1, 6, 0, 0, 0, 0, 0, 0, 0, 0, 0, 0, 0, 0]","[['p', 'r', 'o'], ['m', 'a', 'n']]",proman
মোদি,"[13, 3, 16, 4, 0, 0, 0, 0, 0, 0, 0, 0, 0, 0, 0, 0, 0, 0]","[['m', 'o'], ['d̪', 'i']]",mod̪i
কালচার,"[7, 1, 12, 22, 1, 2, 0, 0, 0, 0, 0, 0, 0, 0, 0, 0, 0, 0]","[['k', 'a', 'l'], ['tʃ', 'a', 'r']]",kaltʃar
মশার,"[13, 8, 10, 1, 2, 0, 0, 0, 0, 0, 0, 0, 0, 0, 0, 0, 0, 0]","[['m', 'ɔ'], ['ʃ', 'a', 'r']]",mɔʃar
সাংবাদিকরা,"[10, 1, 31, 11, 1, 16, 4, 7, 2, 1, 0, 0, 0, 0, 0, 0, 0, 0]","[['ʃ', 'a', 'ŋ'], ['b', 'a'], ['d̪', 'i', 'k'], ['r', 'a']]",ʃaŋbad̪ikra
জরিপের,"[18, 3, 2, 4, 15, 5, 2, 0, 0, 0, 0, 0, 0, 0, 0, 0, 0, 0]","[['dʒ', 'o'], ['r', 'i'], ['p', 'e', 'r']]",dʒoriper
পাইছি,"[15, 32, 28, 4, 0, 0, 0, 0, 0, 0, 0, 0, 0, 0, 0, 0, 0, 0]","[['p', 'ai̯'], ['tʃʰ', 'i']]",pai̯tʃʰi
টমি,"[17, 8, 13, 4, 0, 0, 0, 0, 0, 0, 0, 0, 0, 0, 0, 0, 0, 0]","[['ʈ', 'ɔ'], ['m', 'i']]",ʈɔmi
দাস,"[16, 1, 10, 0, 0, 0, 0, 0, 0, 0, 0, 0, 0, 0, 0, 0, 0, 0]","[['d̪', 'a', 'ʃ']]",d̪aʃ
আদরের,"[1, 16, 3, 2, 5, 2, 0, 0, 0, 0, 0, 0, 0, 0, 0, 0, 0, 0]","[['a'], ['d̪', 'o'], ['r', 'e', 'r']]",ad̪orer
পকেটের,"[15, 8, 7, 5, 17, 5, 2, 0, 0, 0, 0, 0, 0, 0, 0, 0, 0, 0]","[['p', 'ɔ'], ['k', 'e'], ['ʈ', 'e', 'r']]",pɔkeʈer
অনাথ,"[8, 6, 1, 30, 0, 0, 0, 0, 0, 0, 0, 0, 0, 0, 0, 0, 0, 0]","[['ɔ'], ['n', 'a', 't̪ʰ']]",ɔnat̪ʰ
আসে,"[1, 10, 5, 0, 0, 0, 0, 0, 0, 0, 0, 0, 0, 0, 0, 0, 0, 0]","[['a'], ['ʃ', 'e']]",aʃe
আনি,"[1, 6, 4, 0, 0, 0, 0, 0, 0, 0, 0, 0, 0, 0, 0, 0, 0, 0]","[['a'], ['n', 'i']]",ani
চলেন,"[22, 8, 12, 5, 6, 0, 0, 0, 0, 0, 0, 0, 0, 0, 0, 0, 0, 0]","[['tʃ', 'ɔ'], ['l', 'e', 'n']]",tʃɔlen
রেটিং,"[2, 5, 17, 4, 31, 0, 0, 0, 0, 0, 0, 0, 0, 0, 0, 0, 0, 0]","[['r', 'e'], ['ʈ', 'i', 'ŋ']]",reʈiŋ
বৃদ্ধি,"[11, 2, 4, 16, 25, 4, 0, 0, 0, 0, 0, 0, 0, 0, 0, 0, 0, 0]","[['b', 'r', 'i', 'd̪'], ['d̪ʱ', 'i']]",brid̪d̪ʱi
এরাই,"[5, 2, 32, 0, 0, 0, 0, 0, 0, 0, 0, 0, 0, 0, 0, 0, 0, 0]","[['e'], ['r', 'ai̯']]",erai̯
ফিফা,"[27, 4, 27, 1, 0, 0, 0, 0, 0, 0, 0, 0, 0, 0, 0, 0, 0, 0]","[['f', 'i'], ['f', 'a']]",fifa
উর,"[14, 2, 0, 0, 0, 0, 0, 0, 0, 0, 0, 0, 0, 0, 0, 0, 0, 0]","[['u', 'r']]",ur
এবিসি,"[5, 11, 4, 19, 4, 0, 0, 0, 0, 0, 0, 0, 0, 0, 0, 0, 0, 0]","[['e'], ['b', 'i'], ['s', 'i']]",ebisi
ভালবাসতে,"[23, 1, 12, 3, 11, 1, 10, 9, 5, 0, 0, 0, 0, 0, 0, 0, 0, 0]","[['bʱ', 'a'], ['l', 'o'], ['b', 'a', 'ʃ'], ['t̪', 'e']]",bʱalobaʃt̪e
পূর্বপুরুষ,"[15, 14, 2, 11, 3, 15, 14, 2, 14, 10, 0, 0, 0, 0, 0, 0, 0, 0]","[['p', 'u', 'r'], ['b', 'o'], ['p', 'u'], ['r', 'u', 'ʃ']]",purbopuruʃ
উপজেলায়,"[14, 15, 3, 18, 5, 12, 40, 0, 0, 0, 0, 0, 0, 0, 0, 0, 0, 0]","[['u'], ['p', 'o'], ['dʒ', 'e'], ['l', 'ae̯']]",upodʒelae̯
বাস,"[11, 1, 10, 0, 0, 0, 0, 0, 0, 0, 0, 0, 0, 0, 0, 0, 0, 0]","[['b', 'a', 'ʃ']]",baʃ
জলপাই,"[18, 8, 12, 15, 32, 0, 0, 0, 0, 0, 0, 0, 0, 0, 0, 0, 0, 0]","[['dʒ', 'ɔ', 'l'], ['p', 'ai̯']]",dʒɔlpai̯
তানভীর,"[9, 1, 6, 23, 4, 2, 0, 0, 0, 0, 0, 0, 0, 0, 0, 0, 0, 0]","[['t̪', 'a', 'n'], ['bʱ', 'i', 'r']]",t̪anbʱir
মেঝে,"[13, 5, 42, 5, 0, 0, 0, 0, 0, 0, 0, 0, 0, 0, 0, 0, 0, 0]","[['m', 'e'], ['dʒʱ', 'e']]",medʒʱe
জীবাণু,"[18, 4, 11, 1, 6, 14, 0, 0, 0, 0, 0, 0, 0, 0, 0, 0, 0, 0]","[['dʒ', 'i'], ['b', 'a'], ['n', 'u']]",dʒibanu
বোনের,"[11, 3, 6, 5, 2, 0, 0, 0, 0, 0, 0, 0, 0, 0, 0, 0, 0, 0]","[['b', 'o'], ['n', 'e', 'r']]",boner
আইনি,"[32, 6, 4, 0, 0, 0, 0, 0, 0, 0, 0, 0, 0, 0, 0, 0, 0, 0]","[['ai̯'], ['n', 'i']]",ai̯ni
ওজন,"[3, 18, 3, 6, 0, 0, 0, 0, 0, 0, 0, 0, 0, 0, 0, 0, 0, 0]","[['o'], ['dʒ', 'o', 'n']]",odʒon
রাজপুত্র,"[2, 1, 18, 15, 14, 9, 2, 3, 0, 0, 0, 0, 0, 0, 0, 0, 0, 0]","[['r', 'a', 'dʒ'], ['p', 'u', 't̪'], ['r', 'o']]",radʒput̪ro
প্রভাবশালী,"[15, 2, 3, 23, 1, 11, 10, 1, 12, 4, 0, 0, 0, 0, 0, 0, 0, 0]","[['p', 'r', 'o'], ['bʱ', 'a', 'b'], ['ʃ', 'a'], ['l', 'i']]",probʱabʃali
আশি,"[1, 10, 4, 0, 0, 0, 0, 0, 0, 0, 0, 0, 0, 0, 0, 0, 0, 0]","[['a'], ['ʃ', 'i']]",aʃi
মারছে,"[13, 1, 2, 28, 5, 0, 0, 0, 0, 0, 0, 0, 0, 0, 0, 0, 0, 0]","[['m', 'a', 'r'], ['tʃʰ', 'e']]",martʃʰe
দিও,"[16, 4, 3, 0, 0, 0, 0, 0, 0, 0, 0, 0, 0, 0, 0, 0, 0, 0]","[['d̪', 'i'], ['o']]",d̪io
ভোটাররা,"[23, 3, 17, 1, 2, 2, 1, 0, 0, 0, 0, 0, 0, 0, 0, 0, 0, 0]","[['bʱ', 'o'], ['ʈ', 'a', 'r'], ['r', 'a']]",bʱoʈarra
অবিরাম,"[8, 11, 4, 2, 1, 13, 0, 0, 0, 0, 0, 0, 0, 0, 0, 0, 0, 0]","[['ɔ'], ['b', 'i'], ['r', 'a', 'm']]",ɔbiram
তুলেছেন,"[9, 14, 12, 5, 28, 5, 6, 0, 0, 0, 0, 0, 0, 0, 0, 0, 0, 0]","[['t̪', 'u'], ['l', 'e'], ['tʃʰ', 'e', 'n']]",t̪uletʃʰen
দিবা,"[16, 4, 11, 1, 0, 0, 0, 0, 0, 0, 0, 0, 0, 0, 0, 0, 0, 0]","[['d̪', 'i'], ['b', 'a']]",d̪iba
তিমি,"[9, 4, 13, 4, 0, 0, 0, 0, 0, 0, 0, 0, 0, 0, 0, 0, 0, 0]","[['t̪', 'i'], ['m', 'i']]",t̪imi
বোধ,"[11, 3, 25, 0, 0, 0, 0, 0, 0, 0, 0, 0, 0, 0, 0, 0, 0, 0]","[['b', 'o', 'd̪ʱ']]",bod̪ʱ
শাহবাগ,"[10, 1, 21, 11, 1, 20, 0, 0, 0, 0, 0, 0, 0, 0, 0, 0, 0, 0]","[['ʃ', 'a', 'h'], ['b', 'a', 'g']]",ʃahbag
বাঘা,"[11, 1, 34, 1, 0, 0, 0, 0, 0, 0, 0, 0, 0, 0, 0, 0, 0, 0]","[['b', 'a'], ['gʱ', 'a']]",bagʱa
নিজেদের,"[6, 4, 18, 5, 16, 5, 2, 0, 0, 0, 0, 0, 0, 0, 0, 0, 0, 0]","[['n', 'i'], ['dʒ', 'e'], ['d̪', 'e', 'r']]",nidʒed̪er
কর্মসংস্থানের,"[7, 8, 2, 13, 3, 10, 8, 31, 19, 30, 1, 6, 5, 2, 0, 0, 0, 0]","[['k', 'ɔ', 'r'], ['m', 'o'], ['ʃ', 'ɔ', 'ŋ', 's'], ['t̪ʰ', 'a', 'n'], ['e', 'r']]",kɔrmoʃɔŋst̪ʰaner
বাঁধন,"[11, 1, 25, 3, 6, 0, 0, 0, 0, 0, 0, 0, 0, 0, 0, 0, 0, 0]","[['b', 'a'], ['d̪ʱ', 'o', 'n']]",bad̪ʱon
শাহরিয়ার,"[10, 1, 21, 2, 4, 1, 2, 0, 0, 0, 0, 0, 0, 0, 0, 0, 0, 0]","[['ʃ', 'a', 'h'], ['r', 'i'], ['a', 'r']]",ʃahriar
গ্রহণযোগ্যতা,"[20, 2, 3, 21, 3, 6, 18, 3, 20, 20, 3, 9, 1, 0, 0, 0, 0, 0]","[['g', 'r', 'o'], ['h', 'o', 'n'], ['dʒ', 'o', 'g'], ['g', 'o'], ['t̪', 'a']]",grohondʒoggot̪a
তিনজনের,"[9, 4, 6, 18, 8, 6, 5, 2, 0, 0, 0, 0, 0, 0, 0, 0, 0, 0]","[['t̪', 'i', 'n'], ['dʒ', 'ɔ'], ['n', 'e', 'r']]",t̪indʒɔner
ঋতু,"[2, 4, 9, 14, 0, 0, 0, 0, 0, 0, 0, 0, 0, 0, 0, 0, 0, 0]","[['r', 'i'], ['t̪', 'u']]",rit̪u
লাথি,"[12, 1, 30, 4, 0, 0, 0, 0, 0, 0, 0, 0, 0, 0, 0, 0, 0, 0]","[['l', 'a'], ['t̪ʰ', 'i']]",lat̪ʰi
পরদিন,"[15, 8, 2, 16, 4, 6, 0, 0, 0, 0, 0, 0, 0, 0, 0, 0, 0, 0]","[['p', 'ɔ', 'r'], ['d̪', 'i', 'n']]",pɔrd̪in
পাননি,"[15, 1, 6, 6, 4, 0, 0, 0, 0, 0, 0, 0, 0, 0, 0, 0, 0, 0]","[['p', 'a', 'n'], ['n', 'i']]",panni
ভাবছে,"[23, 1, 11, 28, 5, 0, 0, 0, 0, 0, 0, 0, 0, 0, 0, 0, 0, 0]","[['bʱ', 'a', 'b'], ['tʃʰ', 'e']]",bʱabtʃʰe
গাঁজা,"[20, 1, 18, 1, 0, 0, 0, 0, 0, 0, 0, 0, 0, 0, 0, 0, 0, 0]","[['g', 'a'], ['dʒ', 'a']]",gadʒa
যেদিন,"[18, 5, 16, 4, 6, 0, 0, 0, 0, 0, 0, 0, 0, 0, 0, 0, 0, 0]","[['dʒ', 'e'], ['d̪', 'i', 'n']]",dʒed̪in
চাইছে,"[22, 32, 28, 5, 0, 0, 0, 0, 0, 0, 0, 0, 0, 0, 0, 0, 0, 0]","[['tʃ', 'ai̯'], ['tʃʰ', 'e']]",tʃai̯tʃʰe
বাস্তবতার,"[11, 1, 19, 9, 3, 11, 8, 9, 1, 2, 0, 0, 0, 0, 0, 0, 0, 0]","[['b', 'a', 's'], ['t̪', 'o'], ['b', 'ɔ'], ['t̪', 'a', 'r']]",bast̪obɔt̪ar
খোকা,"[24, 3, 7, 1, 0, 0, 0, 0, 0, 0, 0, 0, 0, 0, 0, 0, 0, 0]","[['kʰ', 'o'], ['k', 'a']]",kʰoka
রাকাত,"[2, 1, 7, 1, 9, 0, 0, 0, 0, 0, 0, 0, 0, 0, 0, 0, 0, 0]","[['r', 'a'], ['k', 'a', 't̪']]",rakat̪
তোশকের,"[9, 3, 10, 3, 7, 5, 2, 0, 0, 0, 0, 0, 0, 0, 0, 0, 0, 0]","[['t̪', 'o'], ['ʃ', 'o'], ['k', 'e', 'r']]",t̪oʃoker
দিবসটিতে,"[16, 4, 11, 8, 10, 17, 4, 9, 5, 0, 0, 0, 0, 0, 0, 0, 0, 0]","[['d̪', 'i'], ['b', 'ɔ', 'ʃ'], ['ʈ', 'i'], ['t̪', 'e']]",d̪ibɔʃʈit̪e
শপথগ্রহণ,"[10, 8, 15, 3, 30, 20, 2, 3, 21, 3, 6, 0, 0, 0, 0, 0, 0, 0]","[['ʃ', 'ɔ'], ['p', 'o', 't̪ʰ'], ['g', 'r', 'o'], ['h', 'o', 'n']]",ʃɔpot̪ʰgrohon
গুণকে,"[20, 14, 6, 7, 5, 0, 0, 0, 0, 0, 0, 0, 0, 0, 0, 0, 0, 0]","[['g', 'u', 'n'], ['k', 'e']]",gunke
দেহই,"[16, 5, 21, 35, 0, 0, 0, 0, 0, 0, 0, 0, 0, 0, 0, 0, 0, 0]","[['d̪', 'e'], ['h', 'oi̯']]",d̪ehoi̯
রসুনে,"[2, 3, 10, 14, 6, 5, 0, 0, 0, 0, 0, 0, 0, 0, 0, 0, 0, 0]","[['r', 'o'], ['ʃ', 'u'], ['n', 'e']]",roʃune
কফের,"[7, 8, 27, 5, 2, 0, 0, 0, 0, 0, 0, 0, 0, 0, 0, 0, 0, 0]","[['k', 'ɔ'], ['f', 'e', 'r']]",kɔfer
মানবকল্যাণের,"[13, 1, 6, 3, 11, 7, 3, 12, 12, 1, 6, 5, 2, 0, 0, 0, 0, 0]","[['m', 'a'], ['n', 'o', 'b'], ['k', 'o', 'l'], ['l', 'a'], ['n', 'e', 'r']]",manobkollaner
একপ্রকারের,"[29, 7, 15, 2, 3, 7, 1, 2, 5, 2, 0, 0, 0, 0, 0, 0, 0, 0]","[['æ', 'k'], ['p', 'r', 'o'], ['k', 'a'], ['r', 'e', 'r']]",ækprokarer
শশার,"[10, 8, 10, 1, 2, 0, 0, 0, 0, 0, 0, 0, 0, 0, 0, 0, 0, 0]","[['ʃ', 'ɔ'], ['ʃ', 'a', 'r']]",ʃɔʃar
ছাত্রজীবনেই,"[28, 1, 9, 2, 3, 18, 4, 11, 8, 6, 33, 0, 0, 0, 0, 0, 0, 0]","[['tʃʰ', 'a', 't̪'], ['r', 'o'], ['dʒ', 'i'], ['b', 'ɔ'], ['n', 'ei̯']]",tʃʰat̪rodʒibɔnei̯
ফকিরকে,"[27, 3, 7, 4, 2, 7, 5, 0, 0, 0, 0, 0, 0, 0, 0, 0, 0, 0]","[['f', 'o'], ['k', 'i', 'r'], ['k', 'e']]",fokirke
আইটিআই,"[32, 17, 4, 32, 0, 0, 0, 0, 0, 0, 0, 0, 0, 0, 0, 0, 0, 0]","[['ai̯'], ['ʈ', 'i'], ['ai̯']]",ai̯ʈiai̯
ভাগনি,"[23, 1, 20, 6, 4, 0, 0, 0, 0, 0, 0, 0, 0, 0, 0, 0, 0, 0]","[['bʱ', 'a', 'g'], ['n', 'i']]",bʱagni
মোতালেবের,"[13, 3, 9, 1, 12, 5, 11, 5, 2, 0, 0, 0, 0, 0, 0, 0, 0, 0]","[['m', 'o'], ['t̪', 'a'], ['l', 'e'], ['b', 'e', 'r']]",mot̪aleber
শমসেরকে,"[10, 8, 13, 10, 5, 2, 7, 5, 0, 0, 0, 0, 0, 0, 0, 0, 0, 0]","[['ʃ', 'ɔ', 'm'], ['ʃ', 'e', 'r'], ['k', 'e']]",ʃɔmʃerke
মিলখা,"[13, 4, 12, 24, 1, 0, 0, 0, 0, 0, 0, 0, 0, 0, 0, 0, 0, 0]","[['m', 'i', 'l'], ['kʰ', 'a']]",milkʰa
টসের,"[17, 8, 10, 5, 2, 0, 0, 0, 0, 0, 0, 0, 0, 0, 0, 0, 0, 0]","[['ʈ', 'ɔ'], ['ʃ', 'e', 'r']]",ʈɔʃer
ভাবসাব,"[23, 1, 11, 10, 1, 11, 0, 0, 0, 0, 0, 0, 0, 0, 0, 0, 0, 0]","[['bʱ', 'a', 'b'], ['ʃ', 'a', 'b']]",bʱabʃab
কর্মব্যস্ততা,"[7, 8, 2, 13, 3, 11, 29, 19, 9, 3, 9, 1, 0, 0, 0, 0, 0, 0]","[['k', 'ɔ', 'r'], ['m', 'o'], ['b', 'æ', 's'], ['t̪', 'o'], ['t̪', 'a']]",kɔrmobæst̪ot̪a
মন্ত্রটা,"[13, 8, 6, 9, 2, 3, 17, 1, 0, 0, 0, 0, 0, 0, 0, 0, 0, 0]","[['m', 'ɔ', 'n'], ['t̪', 'r', 'o'], ['ʈ', 'a']]",mɔnt̪roʈa
সজলের,"[10, 8, 18, 3, 12, 5, 2, 0, 0, 0, 0, 0, 0, 0, 0, 0, 0, 0]","[['ʃ', 'ɔ'], ['dʒ', 'o'], ['l', 'e', 'r']]",ʃɔdʒoler
লোকসমাগম,"[12, 3, 7, 10, 8, 13, 1, 20, 8, 13, 0, 0, 0, 0, 0, 0, 0, 0]","[['l', 'o', 'k'], ['ʃ', 'ɔ'], ['m', 'a'], ['g', 'ɔ', 'm']]",lokʃɔmagɔm
খিলখিল,"[24, 4, 12, 24, 4, 12, 0, 0, 0, 0, 0, 0, 0, 0, 0, 0, 0, 0]","[['kʰ', 'i', 'l'], ['kʰ', 'i', 'l']]",kʰilkʰil
বিটু,"[11, 4, 17, 14, 0, 0, 0, 0, 0, 0, 0, 0, 0, 0, 0, 0, 0, 0]","[['b', 'i'], ['ʈ', 'u']]",biʈu
কচা,"[7, 8, 22, 1, 0, 0, 0, 0, 0, 0, 0, 0, 0, 0, 0, 0, 0, 0]","[['k', 'ɔ'], ['tʃ', 'a']]",kɔtʃa
স্টেকের,"[19, 17, 5, 7, 5, 2, 0, 0, 0, 0, 0, 0, 0, 0, 0, 0, 0, 0]","[['s', 'ʈ', 'e'], ['k', 'e', 'r']]",sʈeker
অপরাধপ্রবণ,"[8, 15, 3, 2, 1, 25, 15, 2, 3, 11, 3, 6, 0, 0, 0, 0, 0, 0]","[['ɔ'], ['p', 'o'], ['r', 'a', 'd̪ʱ'], ['p', 'r', 'o'], ['b', 'o', 'n']]",ɔporad̪ʱprobon
বাগার,"[11, 1, 20, 1, 2, 0, 0, 0, 0, 0, 0, 0, 0, 0, 0, 0, 0, 0]","[['b', 'a'], ['g', 'a', 'r']]",bagar
আবেদের,"[1, 11, 5, 16, 5, 2, 0, 0, 0, 0, 0, 0, 0, 0, 0, 0, 0, 0]","[['a'], ['b', 'e'], ['d̪', 'e', 'r']]",abed̪er
প্রবণতাই,"[15, 2, 3, 11, 3, 6, 8, 9, 32, 0, 0, 0, 0, 0, 0, 0, 0, 0]","[['p', 'r', 'o'], ['b', 'o'], ['n', 'ɔ'], ['t̪', 'ai̯']]",probonɔt̪ai̯
এসডিজি,"[5, 19, 26, 4, 18, 4, 0, 0, 0, 0, 0, 0, 0, 0, 0, 0, 0, 0]","[['e', 's'], ['ɖ', 'i'], ['dʒ', 'i']]",esɖidʒi
এইচপির,"[33, 22, 15, 4, 2, 0, 0, 0, 0, 0, 0, 0, 0, 0, 0, 0, 0, 0]","[['ei̯', 'tʃ'], ['p', 'i', 'r']]",ei̯tʃpir
জিএনআই,"[18, 4, 5, 6, 32, 0, 0, 0, 0, 0, 0, 0, 0, 0, 0, 0, 0, 0]","[['dʒ', 'i'], ['e', 'n'], ['ai̯']]",dʒienai̯
স্পনসরদের,"[19, 15, 8, 6, 19, 8, 2, 16, 5, 2, 0, 0, 0, 0, 0, 0, 0, 0]","[['s', 'p', 'ɔ', 'n'], ['s', 'ɔ', 'r'], ['d̪', 'e', 'r']]",spɔnsɔrd̪er
এক্সপ্রেসকে,"[5, 7, 19, 15, 2, 5, 19, 7, 5, 0, 0, 0, 0, 0, 0, 0, 0, 0]","[['e', 'k', 's'], ['p', 'r', 'e', 's'], ['k', 'e']]",ekspreske
মমকে,"[13, 8, 13, 3, 7, 5, 0, 0, 0, 0, 0, 0, 0, 0, 0, 0, 0, 0]","[['m', 'ɔ'], ['m', 'o'], ['k', 'e']]",mɔmoke
বনেই,"[11, 3, 6, 33, 0, 0, 0, 0, 0, 0, 0, 0, 0, 0, 0, 0, 0, 0]","[['b', 'o'], ['n', 'ei̯']]",bonei̯
সদাচরণ,"[10, 8, 16, 1, 22, 8, 2, 3, 6, 0, 0, 0, 0, 0, 0, 0, 0, 0]","[['ʃ', 'ɔ'], ['d̪', 'a'], ['tʃ', 'ɔ'], ['r', 'o', 'n']]",ʃɔd̪atʃɔron
গেটটি,"[20, 5, 17, 17, 4, 0, 0, 0, 0, 0, 0, 0, 0, 0, 0, 0, 0, 0]","[['g', 'e', 'ʈ'], ['ʈ', 'i']]",geʈʈi
ঘুমকে,"[34, 14, 13, 7, 5, 0, 0, 0, 0, 0, 0, 0, 0, 0, 0, 0, 0, 0]","[['gʱ', 'u', 'm'], ['k', 'e']]",gʱumke
বাবুরহাট,"[11, 1, 11, 14, 2, 21, 1, 17, 0, 0, 0, 0, 0, 0, 0, 0, 0, 0]","[['b', 'a'], ['b', 'u', 'r'], ['h', 'a', 'ʈ']]",baburhaʈ
মাহবুবউদ্দিন,"[13, 1, 21, 11, 14, 11, 14, 16, 16, 4, 6, 0, 0, 0, 0, 0, 0, 0]","[['m', 'a', 'h'], ['b', 'u', 'b'], ['u', 'd̪'], ['d̪', 'i', 'n']]",mahbubud̪d̪in
সেদেশ,"[10, 5, 16, 5, 10, 0, 0, 0, 0, 0, 0, 0, 0, 0, 0, 0, 0, 0]","[['ʃ', 'e'], ['d̪', 'e', 'ʃ']]",ʃed̪eʃ
কার্যদিবসের,"[7, 1, 2, 18, 3, 16, 4, 11, 3, 10, 5, 2, 0, 0, 0, 0, 0, 0]","[['k', 'a', 'r'], ['dʒ', 'o'], ['d̪', 'i'], ['b', 'o'], ['ʃ', 'e', 'r']]",kardʒod̪iboʃer
অপশনও,"[8, 15, 10, 8, 6, 3, 0, 0, 0, 0, 0, 0, 0, 0, 0, 0, 0, 0]","[['ɔ', 'p'], ['ʃ', 'ɔ', 'n'], ['o']]",ɔpʃɔno
কেএফসির,"[7, 5, 5, 27, 19, 4, 2, 0, 0, 0, 0, 0, 0, 0, 0, 0, 0, 0]","[['k', 'e'], ['e', 'f'], ['s', 'i', 'r']]",keefsir
ঘটালেও,"[34, 8, 17, 1, 12, 37, 0, 0, 0, 0, 0, 0, 0, 0, 0, 0, 0, 0]","[['gʱ', 'ɔ'], ['ʈ', 'a'], ['l', 'eo̯']]",gʱɔʈaleo̯
কাশবন,"[7, 1, 10, 11, 3, 6, 0, 0, 0, 0, 0, 0, 0, 0, 0, 0, 0, 0]","[['k', 'a', 'ʃ'], ['b', 'o', 'n']]",kaʃbon
শ্বাসমূল,"[10, 1, 10, 13, 14, 12, 0, 0, 0, 0, 0, 0, 0, 0, 0, 0, 0, 0]","[['ʃ', 'a', 'ʃ'], ['m', 'u', 'l']]",ʃaʃmul
নববর্ষকে,"[6, 8, 11, 3, 11, 8, 2, 10, 3, 7, 5, 0, 0, 0, 0, 0, 0, 0]","[['n', 'ɔ'], ['b', 'o'], ['b', 'ɔ', 'r'], ['ʃ', 'o'], ['k', 'e']]",nɔbobɔrʃoke
বাঁশিটি,"[11, 1, 10, 4, 17, 4, 0, 0, 0, 0, 0, 0, 0, 0, 0, 0, 0, 0]","[['b', 'a'], ['ʃ', 'i'], ['ʈ', 'i']]",baʃiʈi
বুফনের,"[11, 14, 27, 3, 6, 5, 2, 0, 0, 0, 0, 0, 0, 0, 0, 0, 0, 0]","[['b', 'u'], ['f', 'o'], ['n', 'e', 'r']]",bufoner
জেতাটা,"[18, 5, 9, 1, 17, 1, 0, 0, 0, 0, 0, 0, 0, 0, 0, 0, 0, 0]","[['dʒ', 'e'], ['t̪', 'a'], ['ʈ', 'a']]",dʒet̪aʈa
বাসভূমির,"[11, 1, 10, 23, 14, 13, 4, 2, 0, 0, 0, 0, 0, 0, 0, 0, 0, 0]","[['b', 'a', 'ʃ'], ['bʱ', 'u'], ['m', 'i', 'r']]",baʃbʱumir
লাতভিয়ার,"[12, 1, 9, 23, 4, 1, 2, 0, 0, 0, 0, 0, 0, 0, 0, 0, 0, 0]","[['l', 'a', 't̪'], ['bʱ', 'i'], ['a', 'r']]",lat̪bʱiar
কুশি,"[7, 14, 10, 4, 0, 0, 0, 0, 0, 0, 0, 0, 0, 0, 0, 0, 0, 0]","[['k', 'u'], ['ʃ', 'i']]",kuʃi
প্রাণকে,"[15, 2, 1, 6, 7, 5, 0, 0, 0, 0, 0, 0, 0, 0, 0, 0, 0, 0]","[['p', 'r', 'a', 'n'], ['k', 'e']]",pranke
বিমের,"[11, 4, 13, 5, 2, 0, 0, 0, 0, 0, 0, 0, 0, 0, 0, 0, 0, 0]","[['b', 'i'], ['m', 'e', 'r']]",bimer
সাইনিং,"[19, 32, 6, 4, 31, 0, 0, 0, 0, 0, 0, 0, 0, 0, 0, 0, 0, 0]","[['s', 'ai̯'], ['n', 'i', 'ŋ']]",sai̯niŋ
জিইসি,"[18, 4, 4, 19, 4, 0, 0, 0, 0, 0, 0, 0, 0, 0, 0, 0, 0, 0]","[['dʒ', 'i'], ['i'], ['s', 'i']]",dʒiisi
হাইমচরে,"[21, 32, 13, 22, 8, 2, 5, 0, 0, 0, 0, 0, 0, 0, 0, 0, 0, 0]","[['h', 'ai̯', 'm'], ['tʃ', 'ɔ'], ['r', 'e']]",hai̯mtʃɔre
মিডলটন,"[13, 4, 26, 3, 12, 17, 8, 6, 0, 0, 0, 0, 0, 0, 0, 0, 0, 0]","[['m', 'i'], ['ɖ', 'o', 'l'], ['ʈ', 'ɔ', 'n']]",miɖolʈɔn
জ্ঞানভিত্তিক,"[20, 29, 6, 23, 4, 9, 9, 4, 7, 0, 0, 0, 0, 0, 0, 0, 0, 0]","[['g', 'æ', 'n'], ['bʱ', 'i', 't̪'], ['t̪', 'i', 'k']]",gænbʱit̪t̪ik
তিকরিত,"[9, 4, 7, 2, 4, 9, 0, 0, 0, 0, 0, 0, 0, 0, 0, 0, 0, 0]","[['t̪', 'i', 'k'], ['r', 'i', 't̪']]",t̪ikrit̪
বিকেএমইএ,"[11, 4, 7, 5, 5, 13, 4, 5, 0, 0, 0, 0, 0, 0, 0, 0, 0, 0]","[['b', 'i'], ['k', 'e'], ['e', 'm'], ['i'], ['e']]",bikeemie
স্তবকে,"[19, 9, 8, 11, 3, 7, 5, 0, 0, 0, 0, 0, 0, 0, 0, 0, 0, 0]","[['s', 't̪', 'ɔ'], ['b', 'o'], ['k', 'e']]",st̪ɔboke
ঊরু,"[14, 2, 14, 0, 0, 0, 0, 0, 0, 0, 0, 0, 0, 0, 0, 0, 0, 0]","[['u'], ['r', 'u']]",uru
ভাতিজির,"[23, 1, 9, 4, 18, 4, 2, 0, 0, 0, 0, 0, 0, 0, 0, 0, 0, 0]","[['bʱ', 'a'], ['t̪', 'i'], ['dʒ', 'i', 'r']]",bʱat̪idʒir
কর্মবিরতির,"[7, 8, 2, 13, 3, 11, 4, 2, 3, 9, 4, 2, 0, 0, 0, 0, 0, 0]","[['k', 'ɔ', 'r'], ['m', 'o'], ['b', 'i'], ['r', 'o'], ['t̪', 'i', 'r']]",kɔrmobirot̪ir
নিবু,"[6, 4, 11, 14, 0, 0, 0, 0, 0, 0, 0, 0, 0, 0, 0, 0, 0, 0]","[['n', 'i'], ['b', 'u']]",nibu
বারবি,"[11, 1, 2, 11, 4, 0, 0, 0, 0, 0, 0, 0, 0, 0, 0, 0, 0, 0]","[['b', 'a', 'r'], ['b', 'i']]",barbi
লাভপুর,"[12, 1, 23, 15, 14, 2, 0, 0, 0, 0, 0, 0, 0, 0, 0, 0, 0, 0]","[['l', 'a', 'bʱ'], ['p', 'u', 'r']]",labʱpur
ভোটারসংখ্যা,"[23, 3, 17, 1, 2, 10, 8, 31, 24, 1, 0, 0, 0, 0, 0, 0, 0, 0]","[['bʱ', 'o'], ['ʈ', 'a', 'r'], ['ʃ', 'ɔ', 'ŋ'], ['kʰ', 'a']]",bʱoʈarʃɔŋkʰa
মেরকেল,"[13, 5, 2, 7, 5, 12, 0, 0, 0, 0, 0, 0, 0, 0, 0, 0, 0, 0]","[['m', 'e', 'r'], ['k', 'e', 'l']]",merkel
সিসিইউতে,"[19, 4, 19, 4, 41, 9, 5, 0, 0, 0, 0, 0, 0, 0, 0, 0, 0, 0]","[['s', 'i'], ['s', 'i'], ['iu̯'], ['t̪', 'e']]",sisiiu̯t̪e
পপিকে,"[15, 8, 15, 4, 7, 5, 0, 0, 0, 0, 0, 0, 0, 0, 0, 0, 0, 0]","[['p', 'ɔ'], ['p', 'i'], ['k', 'e']]",pɔpike
হারলেও,"[21, 1, 2, 12, 37, 0, 0, 0, 0, 0, 0, 0, 0, 0, 0, 0, 0, 0]","[['h', 'a', 'r'], ['l', 'eo̯']]",harleo̯
লেবুতে,"[12, 5, 11, 14, 9, 5, 0, 0, 0, 0, 0, 0, 0, 0, 0, 0, 0, 0]","[['l', 'e'], ['b', 'u'], ['t̪', 'e']]",lebut̪e
বিসিবিকে,"[11, 4, 19, 4, 11, 4, 7, 5, 0, 0, 0, 0, 0, 0, 0, 0, 0, 0]","[['b', 'i'], ['s', 'i'], ['b', 'i'], ['k', 'e']]",bisibike
কানকো,"[7, 1, 6, 7, 3, 0, 0, 0, 0, 0, 0, 0, 0, 0, 0, 0, 0, 0]","[['k', 'a', 'n'], ['k', 'o']]",kanko
গ্রাফটিং,"[20, 2, 1, 27, 17, 4, 31, 0, 0, 0, 0, 0, 0, 0, 0, 0, 0, 0]","[['g', 'r', 'a', 'f'], ['ʈ', 'i', 'ŋ']]",grafʈiŋ
পূর্ণতার,"[15, 14, 2, 6, 3, 9, 1, 2, 0, 0, 0, 0, 0, 0, 0, 0, 0, 0]","[['p', 'u', 'r'], ['n', 'o'], ['t̪', 'a', 'r']]",purnot̪ar
চারমাস,"[22, 1, 2, 13, 1, 10, 0, 0, 0, 0, 0, 0, 0, 0, 0, 0, 0, 0]","[['tʃ', 'a', 'r'], ['m', 'a', 'ʃ']]",tʃarmaʃ
চকলেটে,"[22, 8, 7, 12, 5, 17, 5, 0, 0, 0, 0, 0, 0, 0, 0, 0, 0, 0]","[['tʃ', 'ɔ', 'k'], ['l', 'e'], ['ʈ', 'e']]",tʃɔkleʈe
জিনতত্ত্ববিদ,"[18, 4, 6, 9, 8, 9, 9, 3, 11, 4, 16, 0, 0, 0, 0, 0, 0, 0]","[['dʒ', 'i', 'n'], ['t̪', 'ɔ', 't̪'], ['t̪', 'o'], ['b', 'i', 'd̪']]",dʒint̪ɔt̪t̪obid̪
মহসিনকে,"[13, 3, 21, 3, 19, 4, 6, 7, 5, 0, 0, 0, 0, 0, 0, 0, 0, 0]","[['m', 'o'], ['h', 'o'], ['s', 'i', 'n'], ['k', 'e']]",mohosinke
বদহজমের,"[11, 8, 16, 21, 8, 18, 3, 13, 5, 2, 0, 0, 0, 0, 0, 0, 0, 0]","[['b', 'ɔ', 'd̪'], ['h', 'ɔ'], ['dʒ', 'o'], ['m', 'e', 'r']]",bɔd̪hɔdʒomer
নাভেদ,"[6, 1, 23, 5, 16, 0, 0, 0, 0, 0, 0, 0, 0, 0, 0, 0, 0, 0]","[['n', 'a'], ['bʱ', 'e', 'd̪']]",nabʱed̪
দিনটিকেই,"[16, 4, 6, 17, 4, 7, 33, 0, 0, 0, 0, 0, 0, 0, 0, 0, 0, 0]","[['d̪', 'i', 'n'], ['ʈ', 'i'], ['k', 'ei̯']]",d̪inʈikei̯
প্রমোট,"[15, 2, 3, 13, 3, 17, 0, 0, 0, 0, 0, 0, 0, 0, 0, 0, 0, 0]","[['p', 'r', 'o'], ['m', 'o', 'ʈ']]",promoʈ
আপনাআপনিই,"[1, 15, 6, 1, 1, 15, 6, 4, 4, 0, 0, 0, 0, 0, 0, 0, 0, 0]","[['a', 'p'], ['n', 'a'], ['a', 'p'], ['n', 'i'], ['i']]",apnaapnii
কমিটমেন্ট,"[7, 8, 13, 4, 17, 13, 5, 6, 17, 0, 0, 0, 0, 0, 0, 0, 0, 0]","[['k', 'ɔ'], ['m', 'i', 'ʈ'], ['m', 'e', 'n', 'ʈ']]",kɔmiʈmenʈ
লকেটের,"[12, 8, 7, 5, 17, 5, 2, 0, 0, 0, 0, 0, 0, 0, 0, 0, 0, 0]","[['l', 'ɔ'], ['k', 'e'], ['ʈ', 'e', 'r']]",lɔkeʈer
মসজিদেও,"[13, 3, 10, 18, 4, 16, 37, 0, 0, 0, 0, 0, 0, 0, 0, 0, 0, 0]","[['m', 'o', 'ʃ'], ['dʒ', 'i'], ['d̪', 'eo̯']]",moʃdʒid̪eo̯
এটুআই,"[5, 17, 14, 32, 0, 0, 0, 0, 0, 0, 0, 0, 0, 0, 0, 0, 0, 0]","[['e'], ['ʈ', 'u'], ['ai̯']]",eʈuai̯
সংকটকালে,"[10, 8, 31, 7, 3, 17, 7, 1, 12, 5, 0, 0, 0, 0, 0, 0, 0, 0]","[['ʃ', 'ɔ', 'ŋ'], ['k', 'o', 'ʈ'], ['k', 'a'], ['l', 'e']]",ʃɔŋkoʈkale
রাইনার,"[2, 32, 6, 1, 2, 0, 0, 0, 0, 0, 0, 0, 0, 0, 0, 0, 0, 0]","[['r', 'ai̯'], ['n', 'a', 'r']]",rai̯nar
এসএনসি,"[5, 19, 5, 6, 19, 4, 0, 0, 0, 0, 0, 0, 0, 0, 0, 0, 0, 0]","[['e', 's'], ['e', 'n'], ['s', 'i']]",esensi
দুইশো,"[16, 44, 10, 3, 0, 0, 0, 0, 0, 0, 0, 0, 0, 0, 0, 0, 0, 0]","[['d̪', 'ui̯'], ['ʃ', 'o']]",d̪ui̯ʃo
মাচুপিচু,"[13, 1, 22, 14, 15, 4, 22, 14, 0, 0, 0, 0, 0, 0, 0, 0, 0, 0]","[['m', 'a'], ['tʃ', 'u'], ['p', 'i'], ['tʃ', 'u']]",matʃupitʃu
অরের,"[8, 2, 5, 2, 0, 0, 0, 0, 0, 0, 0, 0, 0, 0, 0, 0, 0, 0]","[['ɔ'], ['r', 'e', 'r']]",ɔrer
চিকচিক,"[22, 4, 7, 22, 4, 7, 0, 0, 0, 0, 0, 0, 0, 0, 0, 0, 0, 0]","[['tʃ', 'i', 'k'], ['tʃ', 'i', 'k']]",tʃiktʃik
শপিংমলে,"[10, 8, 15, 4, 31, 13, 8, 12, 5, 0, 0, 0, 0, 0, 0, 0, 0, 0]","[['ʃ', 'ɔ'], ['p', 'i', 'ŋ'], ['m', 'ɔ'], ['l', 'e']]",ʃɔpiŋmɔle
বিশালসংখ্যক,"[11, 4, 10, 1, 12, 10, 8, 31, 24, 3, 7, 0, 0, 0, 0, 0, 0, 0]","[['b', 'i'], ['ʃ', 'a', 'l'], ['ʃ', 'ɔ', 'ŋ'], ['kʰ', 'o', 'k']]",biʃalʃɔŋkʰok
চটের,"[22, 8, 17, 5, 2, 0, 0, 0, 0, 0, 0, 0, 0, 0, 0, 0, 0, 0]","[['tʃ', 'ɔ'], ['ʈ', 'e', 'r']]",tʃɔʈer
সলতে,"[10, 3, 12, 9, 5, 0, 0, 0, 0, 0, 0, 0, 0, 0, 0, 0, 0, 0]","[['ʃ', 'o', 'l'], ['t̪', 'e']]",ʃolt̪e
একটিরও,"[5, 7, 17, 4, 2, 3, 0, 0, 0, 0, 0, 0, 0, 0, 0, 0, 0, 0]","[['e', 'k'], ['ʈ', 'i', 'r'], ['o']]",ekʈiro
লালমোহনে,"[12, 1, 12, 13, 3, 21, 3, 6, 5, 0, 0, 0, 0, 0, 0, 0, 0, 0]","[['l', 'a', 'l'], ['m', 'o'], ['h', 'o'], ['n', 'e']]",lalmohone
কানকে,"[7, 1, 6, 7, 5, 0, 0, 0, 0, 0, 0, 0, 0, 0, 0, 0, 0, 0]","[['k', 'a', 'n'], ['k', 'e']]",kanke
সীমাও,"[10, 4, 13, 1, 3, 0, 0, 0, 0, 0, 0, 0, 0, 0, 0, 0, 0, 0]","[['ʃ', 'i'], ['m', 'a'], ['o']]",ʃimao
সনেটের,"[19, 8, 6, 5, 17, 5, 2, 0, 0, 0, 0, 0, 0, 0, 0, 0, 0, 0]","[['s', 'ɔ'], ['n', 'e'], ['ʈ', 'e', 'r']]",sɔneʈer
টিউনিক,"[17, 41, 6, 4, 7, 0, 0, 0, 0, 0, 0, 0, 0, 0, 0, 0, 0, 0]","[['ʈ', 'iu̯'], ['n', 'i', 'k']]",ʈiu̯nik
ইফা,"[4, 27, 1, 0, 0, 0, 0, 0, 0, 0, 0, 0, 0, 0, 0, 0, 0, 0]","[['i'], ['f', 'a']]",ifa
বিদ্যাকে,"[11, 4, 16, 16, 1, 7, 5, 0, 0, 0, 0, 0, 0, 0, 0, 0, 0, 0]","[['b', 'i', 'd̪'], ['d̪', 'a'], ['k', 'e']]",bid̪d̪ake
সোডার,"[10, 3, 26, 1, 2, 0, 0, 0, 0, 0, 0, 0, 0, 0, 0, 0, 0, 0]","[['ʃ', 'o'], ['ɖ', 'a', 'r']]",ʃoɖar
প্রতিবেশিরা,"[15, 2, 3, 9, 4, 11, 5, 10, 4, 2, 1, 0, 0, 0, 0, 0, 0, 0]","[['p', 'r', 'o'], ['t̪', 'i'], ['b', 'e'], ['ʃ', 'i'], ['r', 'a']]",prot̪ibeʃira
নিকেতনের,"[6, 4, 7, 5, 9, 3, 6, 5, 2, 0, 0, 0, 0, 0, 0, 0, 0, 0]","[['n', 'i'], ['k', 'e'], ['t̪', 'o'], ['n', 'e', 'r']]",niket̪oner
সন্ততির,"[10, 8, 6, 9, 3, 9, 4, 2, 0, 0, 0, 0, 0, 0, 0, 0, 0, 0]","[['ʃ', 'ɔ', 'n'], ['t̪', 'o'], ['t̪', 'i', 'r']]",ʃɔnt̪ot̪ir
এটে,"[5, 17, 5, 0, 0, 0, 0, 0, 0, 0, 0, 0, 0, 0, 0, 0, 0, 0]","[['e'], ['ʈ', 'e']]",eʈe
হাসপাতলে,"[21, 1, 10, 15, 1, 9, 1, 12, 5, 0, 0, 0, 0, 0, 0, 0, 0, 0]","[['h', 'a', 'ʃ'], ['p', 'a'], ['t̪', 'a'], ['l', 'e']]",haʃpat̪ale
ফকিরা,"[27, 3, 7, 4, 2, 1, 0, 0, 0, 0, 0, 0, 0, 0, 0, 0, 0, 0]","[['f', 'o'], ['k', 'i'], ['r', 'a']]",fokira
বিআরডিবি,"[11, 4, 1, 2, 26, 4, 11, 4, 0, 0, 0, 0, 0, 0, 0, 0, 0, 0]","[['b', 'i'], ['a', 'r'], ['ɖ', 'i'], ['b', 'i']]",biarɖibi
দ্রবণের,"[16, 2, 3, 11, 3, 6, 5, 2, 0, 0, 0, 0, 0, 0, 0, 0, 0, 0]","[['d̪', 'r', 'o'], ['b', 'o'], ['n', 'e', 'r']]",d̪roboner
শরীরটাও,"[10, 3, 2, 4, 2, 17, 39, 0, 0, 0, 0, 0, 0, 0, 0, 0, 0, 0]","[['ʃ', 'o'], ['r', 'i', 'r'], ['ʈ', 'ao̯']]",ʃorirʈao̯
লারমার,"[12, 1, 2, 13, 1, 2, 0, 0, 0, 0, 0, 0, 0, 0, 0, 0, 0, 0]","[['l', 'a', 'r'], ['m', 'a', 'r']]",larmar
ভারতবর্ষকে,"[23, 1, 2, 3, 9, 11, 8, 2, 10, 3, 7, 5, 0, 0, 0, 0, 0, 0]","[['bʱ', 'a'], ['r', 'o', 't̪'], ['b', 'ɔ', 'r'], ['ʃ', 'o'], ['k', 'e']]",bʱarot̪bɔrʃoke
আইডেনটিটি,"[32, 26, 5, 6, 17, 4, 17, 4, 0, 0, 0, 0, 0, 0, 0, 0, 0, 0]","[['ai̯'], ['ɖ', 'e', 'n'], ['ʈ', 'i'], ['ʈ', 'i']]",ai̯ɖenʈiʈi
রাসু,"[2, 1, 10, 14, 0, 0, 0, 0, 0, 0, 0, 0, 0, 0, 0, 0, 0, 0]","[['r', 'a'], ['ʃ', 'u']]",raʃu
আইপিএলকে,"[32, 15, 4, 5, 12, 7, 5, 0, 0, 0, 0, 0, 0, 0, 0, 0, 0, 0]","[['ai̯'], ['p', 'i'], ['e', 'l'], ['k', 'e']]",ai̯pielke
ধানগড়া,"[25, 1, 6, 20, 3, 2, 1, 0, 0, 0, 0, 0, 0, 0, 0, 0, 0, 0]","[['d̪ʱ', 'a', 'n'], ['g', 'o'], ['r', 'a']]",d̪ʱangora
অরুণের,"[3, 2, 14, 6, 5, 2, 0, 0, 0, 0, 0, 0, 0, 0, 0, 0, 0, 0]","[['o'], ['r', 'u'], ['n', 'e', 'r']]",oruner
মাইলি,"[13, 32, 12, 4, 0, 0, 0, 0, 0, 0, 0, 0, 0, 0, 0, 0, 0, 0]","[['m', 'ai̯'], ['l', 'i']]",mai̯li
রাষ্ট্রদূতরা,"[2, 1, 19, 17, 2, 3, 16, 14, 9, 2, 1, 0, 0, 0, 0, 0, 0, 0]","[['r', 'a', 's'], ['ʈ', 'r', 'o'], ['d̪', 'u', 't̪'], ['r', 'a']]",rasʈrod̪ut̪ra
জন্মগ্রহণের,"[18, 8, 6, 13, 3, 20, 2, 3, 21, 3, 6, 5, 2, 0, 0, 0, 0, 0]","[['dʒ', 'ɔ', 'n'], ['m', 'o'], ['g', 'r', 'o'], ['h', 'o'], ['n', 'e', 'r']]",dʒɔnmogrohoner
টিসিবি,"[17, 4, 19, 4, 11, 4, 0, 0, 0, 0, 0, 0, 0, 0, 0, 0, 0, 0]","[['ʈ', 'i'], ['s', 'i'], ['b', 'i']]",ʈisibi
ইংলিশদের,"[4, 31, 12, 4, 10, 16, 5, 2, 0, 0, 0, 0, 0, 0, 0, 0, 0, 0]","[['i', 'ŋ'], ['l', 'i', 'ʃ'], ['d̪', 'e', 'r']]",iŋliʃd̪er
ক্লোসা,"[7, 12, 3, 10, 1, 0, 0, 0, 0, 0, 0, 0, 0, 0, 0, 0, 0, 0]","[['k', 'l', 'o'], ['ʃ', 'a']]",kloʃa
ব্রতের,"[11, 2, 3, 9, 5, 2, 0, 0, 0, 0, 0, 0, 0, 0, 0, 0, 0, 0]","[['b', 'r', 'o'], ['t̪', 'e', 'r']]",brot̪er
যুযুধান,"[18, 14, 18, 14, 25, 1, 6, 0, 0, 0, 0, 0, 0, 0, 0, 0, 0, 0]","[['dʒ', 'u'], ['dʒ', 'u'], ['d̪ʱ', 'a', 'n']]",dʒudʒud̪ʱan
এলডিএল,"[5, 12, 26, 4, 5, 12, 0, 0, 0, 0, 0, 0, 0, 0, 0, 0, 0, 0]","[['e', 'l'], ['ɖ', 'i'], ['e', 'l']]",elɖiel
এমআরপি,"[5, 13, 1, 2, 15, 4, 0, 0, 0, 0, 0, 0, 0, 0, 0, 0, 0, 0]","[['e', 'm'], ['a', 'r'], ['p', 'i']]",emarpi
ঘনিষ্ঠতম,"[34, 3, 6, 4, 10, 36, 3, 9, 8, 13, 3, 0, 0, 0, 0, 0, 0, 0]","[['gʱ', 'o'], ['n', 'i', 'ʃ'], ['ʈʰ', 'o'], ['t̪', 'ɔ'], ['m', 'o']]",gʱoniʃʈʰot̪ɔmo
টেক্সটাইলে,"[17, 5, 7, 19, 17, 32, 12, 5, 0, 0, 0, 0, 0, 0, 0, 0, 0, 0]","[['ʈ', 'e', 'k', 's'], ['ʈ', 'ai̯'], ['l', 'e']]",ʈeksʈai̯le
বন্দরনগর,"[11, 8, 6, 16, 3, 2, 6, 8, 20, 3, 2, 0, 0, 0, 0, 0, 0, 0]","[['b', 'ɔ', 'n'], ['d̪', 'o', 'r'], ['n', 'ɔ'], ['g', 'o', 'r']]",bɔnd̪ornɔgor
শূন্যস্থানের,"[10, 14, 6, 6, 3, 19, 30, 1, 6, 5, 2, 0, 0, 0, 0, 0, 0, 0]","[['ʃ', 'u', 'n'], ['n', 'o'], ['s', 't̪ʰ', 'a'], ['n', 'e', 'r']]",ʃunnost̪ʰaner
গবেষণাটির,"[20, 8, 11, 5, 10, 8, 6, 1, 17, 4, 2, 0, 0, 0, 0, 0, 0, 0]","[['g', 'ɔ'], ['b', 'e'], ['ʃ', 'ɔ'], ['n', 'a'], ['ʈ', 'i', 'r']]",gɔbeʃɔnaʈir
পোনার,"[15, 3, 6, 1, 2, 0, 0, 0, 0, 0, 0, 0, 0, 0, 0, 0, 0, 0]","[['p', 'o'], ['n', 'a', 'r']]",ponar
অজুর,"[3, 18, 14, 2, 0, 0, 0, 0, 0, 0, 0, 0, 0, 0, 0, 0, 0, 0]","[['o'], ['dʒ', 'u', 'r']]",odʒur
তথ্যসচিব,"[9, 3, 9, 30, 3, 10, 3, 22, 4, 11, 0, 0, 0, 0, 0, 0, 0, 0]","[['t̪', 'o', 't̪'], ['t̪ʰ', 'o'], ['ʃ', 'o'], ['tʃ', 'i', 'b']]",t̪ot̪t̪ʰoʃotʃib
প্রভাবশালীরা,"[15, 2, 3, 23, 1, 11, 10, 1, 12, 4, 2, 1, 0, 0, 0, 0, 0, 0]","[['p', 'r', 'o'], ['bʱ', 'a', 'b'], ['ʃ', 'a'], ['l', 'i'], ['r', 'a']]",probʱabʃalira
খন্দকারকে,"[24, 8, 6, 16, 3, 7, 1, 2, 7, 5, 0, 0, 0, 0, 0, 0, 0, 0]","[['kʰ', 'ɔ', 'n'], ['d̪', 'o'], ['k', 'a', 'r'], ['k', 'e']]",kʰɔnd̪okarke
অটবি,"[8, 17, 3, 11, 4, 0, 0, 0, 0, 0, 0, 0, 0, 0, 0, 0, 0, 0]","[['ɔ'], ['ʈ', 'o'], ['b', 'i']]",ɔʈobi
তোষকের,"[9, 3, 10, 3, 7, 5, 2, 0, 0, 0, 0, 0, 0, 0, 0, 0, 0, 0]","[['t̪', 'o'], ['ʃ', 'o'], ['k', 'e', 'r']]",t̪oʃoker
ডিভিএম,"[26, 4, 23, 4, 5, 13, 0, 0, 0, 0, 0, 0, 0, 0, 0, 0, 0, 0]","[['ɖ', 'i'], ['bʱ', 'i'], ['e', 'm']]",ɖibʱiem
লগন,"[12, 8, 20, 3, 6, 0, 0, 0, 0, 0, 0, 0, 0, 0, 0, 0, 0, 0]","[['l', 'ɔ'], ['g', 'o', 'n']]",lɔgon
গুজে,"[20, 14, 18, 5, 0, 0, 0, 0, 0, 0, 0, 0, 0, 0, 0, 0, 0, 0]","[['g', 'u'], ['dʒ', 'e']]",gudʒe
আমলার,"[1, 13, 12, 1, 2, 0, 0, 0, 0, 0, 0, 0, 0, 0, 0, 0, 0, 0]","[['a', 'm'], ['l', 'a', 'r']]",amlar
সিপিডি,"[19, 4, 15, 4, 26, 4, 0, 0, 0, 0, 0, 0, 0, 0, 0, 0, 0, 0]","[['s', 'i'], ['p', 'i'], ['ɖ', 'i']]",sipiɖi
জবরদখল,"[18, 8, 11, 3, 2, 16, 8, 24, 3, 12, 0, 0, 0, 0, 0, 0, 0, 0]","[['dʒ', 'ɔ'], ['b', 'o', 'r'], ['d̪', 'ɔ'], ['kʰ', 'o', 'l']]",dʒɔbord̪ɔkʰol
খিলক্ষেতে,"[24, 4, 12, 24, 5, 9, 5, 0, 0, 0, 0, 0, 0, 0, 0, 0, 0, 0]","[['kʰ', 'i', 'l'], ['kʰ', 'e'], ['t̪', 'e']]",kʰilkʰet̪e
নদীসমূহের,"[6, 3, 16, 4, 10, 8, 13, 14, 21, 5, 2, 0, 0, 0, 0, 0, 0, 0]","[['n', 'o'], ['d̪', 'i'], ['ʃ', 'ɔ'], ['m', 'u'], ['h', 'e', 'r']]",nod̪iʃɔmuher
পাটকেলঘাটা,"[15, 1, 17, 7, 5, 12, 34, 1, 17, 1, 0, 0, 0, 0, 0, 0, 0, 0]","[['p', 'a', 'ʈ'], ['k', 'e', 'l'], ['gʱ', 'a'], ['ʈ', 'a']]",paʈkelgʱaʈa
পাটকলগুলোর,"[15, 1, 17, 7, 8, 12, 20, 14, 12, 3, 2, 0, 0, 0, 0, 0, 0, 0]","[['p', 'a', 'ʈ'], ['k', 'ɔ', 'l'], ['g', 'u'], ['l', 'o', 'r']]",paʈkɔlgulor
আজরা,"[1, 18, 2, 1, 0, 0, 0, 0, 0, 0, 0, 0, 0, 0, 0, 0, 0, 0]","[['a', 'dʒ'], ['r', 'a']]",adʒra
বিএসটিআই,"[11, 4, 5, 19, 17, 4, 32, 0, 0, 0, 0, 0, 0, 0, 0, 0, 0, 0]","[['b', 'i'], ['e', 's'], ['ʈ', 'i'], ['ai̯']]",biesʈiai̯
লালাখালে,"[12, 1, 12, 1, 24, 1, 12, 5, 0, 0, 0, 0, 0, 0, 0, 0, 0, 0]","[['l', 'a'], ['l', 'a'], ['kʰ', 'a'], ['l', 'e']]",lalakʰale
ছেলো,"[28, 5, 12, 3, 0, 0, 0, 0, 0, 0, 0, 0, 0, 0, 0, 0, 0, 0]","[['tʃʰ', 'e'], ['l', 'o']]",tʃʰelo
মলাটের,"[13, 8, 12, 1, 17, 5, 2, 0, 0, 0, 0, 0, 0, 0, 0, 0, 0, 0]","[['m', 'ɔ'], ['l', 'a'], ['ʈ', 'e', 'r']]",mɔlaʈer
মডেলটিতে,"[13, 8, 26, 5, 12, 17, 4, 9, 5, 0, 0, 0, 0, 0, 0, 0, 0, 0]","[['m', 'ɔ'], ['ɖ', 'e', 'l'], ['ʈ', 'i'], ['t̪', 'e']]",mɔɖelʈit̪e
প্রলোভনের,"[15, 2, 3, 12, 3, 23, 3, 6, 5, 2, 0, 0, 0, 0, 0, 0, 0, 0]","[['p', 'r', 'o'], ['l', 'o'], ['bʱ', 'o'], ['n', 'e', 'r']]",prolobʱoner
হুডি,"[21, 14, 26, 4, 0, 0, 0, 0, 0, 0, 0, 0, 0, 0, 0, 0, 0, 0]","[['h', 'u'], ['ɖ', 'i']]",huɖi
বাঁধনের,"[11, 1, 25, 3, 6, 5, 2, 0, 0, 0, 0, 0, 0, 0, 0, 0, 0, 0]","[['b', 'a'], ['d̪ʱ', 'o'], ['n', 'e', 'r']]",bad̪ʱoner
ওভারব্রিজের,"[3, 23, 1, 2, 11, 2, 4, 18, 5, 2, 0, 0, 0, 0, 0, 0, 0, 0]","[['o'], ['bʱ', 'a', 'r'], ['b', 'r', 'i'], ['dʒ', 'e', 'r']]",obʱarbridʒer
সুযোগটিই,"[10, 14, 18, 3, 20, 17, 4, 4, 0, 0, 0, 0, 0, 0, 0, 0, 0, 0]","[['ʃ', 'u'], ['dʒ', 'o', 'g'], ['ʈ', 'i'], ['i']]",ʃudʒogʈii
সেনদের,"[10, 5, 6, 16, 5, 2, 0, 0, 0, 0, 0, 0, 0, 0, 0, 0, 0, 0]","[['ʃ', 'e', 'n'], ['d̪', 'e', 'r']]",ʃend̪er
দশেকের,"[16, 8, 10, 5, 7, 5, 2, 0, 0, 0, 0, 0, 0, 0, 0, 0, 0, 0]","[['d̪', 'ɔ'], ['ʃ', 'e'], ['k', 'e', 'r']]",d̪ɔʃeker
ডিআরইউ,"[26, 4, 1, 2, 41, 0, 0, 0, 0, 0, 0, 0, 0, 0, 0, 0, 0, 0]","[['ɖ', 'i'], ['a', 'r'], ['iu̯']]",ɖiariu̯
সিআরবি,"[19, 4, 1, 2, 11, 4, 0, 0, 0, 0, 0, 0, 0, 0, 0, 0, 0, 0]","[['s', 'i'], ['a', 'r'], ['b', 'i']]",siarbi
চটপটির,"[22, 8, 17, 15, 3, 17, 4, 2, 0, 0, 0, 0, 0, 0, 0, 0, 0, 0]","[['tʃ', 'ɔ', 'ʈ'], ['p', 'o'], ['ʈ', 'i', 'r']]",tʃɔʈpoʈir
জিভের,"[18, 4, 23, 5, 2, 0, 0, 0, 0, 0, 0, 0, 0, 0, 0, 0, 0, 0]","[['dʒ', 'i'], ['bʱ', 'e', 'r']]",dʒibʱer
অক্সিটোসিন,"[3, 7, 19, 4, 17, 3, 19, 4, 6, 0, 0, 0, 0, 0, 0, 0, 0, 0]","[['o', 'k'], ['s', 'i'], ['ʈ', 'o'], ['s', 'i', 'n']]",oksiʈosin
মহরতের,"[13, 8, 21, 3, 2, 8, 9, 5, 2, 0, 0, 0, 0, 0, 0, 0, 0, 0]","[['m', 'ɔ'], ['h', 'o'], ['r', 'ɔ'], ['t̪', 'e', 'r']]",mɔhorɔt̪er
শোবিজের,"[10, 3, 11, 4, 18, 5, 2, 0, 0, 0, 0, 0, 0, 0, 0, 0, 0, 0]","[['ʃ', 'o'], ['b', 'i'], ['dʒ', 'e', 'r']]",ʃobidʒer
লালপুল,"[12, 1, 12, 15, 14, 12, 0, 0, 0, 0, 0, 0, 0, 0, 0, 0, 0, 0]","[['l', 'a', 'l'], ['p', 'u', 'l']]",lalpul
সুহেল,"[19, 14, 21, 5, 12, 0, 0, 0, 0, 0, 0, 0, 0, 0, 0, 0, 0, 0]","[['s', 'u'], ['h', 'e', 'l']]",suhel
কেকেআর,"[7, 5, 7, 5, 1, 2, 0, 0, 0, 0, 0, 0, 0, 0, 0, 0, 0, 0]","[['k', 'e'], ['k', 'e'], ['a', 'r']]",kekear
সরদারকে,"[10, 8, 2, 16, 1, 2, 7, 5, 0, 0, 0, 0, 0, 0, 0, 0, 0, 0]","[['ʃ', 'ɔ', 'r'], ['d̪', 'a', 'r'], ['k', 'e']]",ʃɔrd̪arke
কুপি,"[7, 14, 15, 4, 0, 0, 0, 0, 0, 0, 0, 0, 0, 0, 0, 0, 0, 0]","[['k', 'u'], ['p', 'i']]",kupi
পিটিটি,"[15, 4, 17, 4, 17, 4, 0, 0, 0, 0, 0, 0, 0, 0, 0, 0, 0, 0]","[['p', 'i'], ['ʈ', 'i'], ['ʈ', 'i']]",piʈiʈi
রোলা,"[2, 3, 12, 1, 0, 0, 0, 0, 0, 0, 0, 0, 0, 0, 0, 0, 0, 0]","[['r', 'o'], ['l', 'a']]",rola
ডোবাতে,"[26, 3, 11, 1, 9, 5, 0, 0, 0, 0, 0, 0, 0, 0, 0, 0, 0, 0]","[['ɖ', 'o'], ['b', 'a'], ['t̪', 'e']]",ɖobat̪e
আবুতোরাব,"[1, 11, 14, 9, 3, 2, 1, 11, 0, 0, 0, 0, 0, 0, 0, 0, 0, 0]","[['a'], ['b', 'u'], ['t̪', 'o'], ['r', 'a', 'b']]",abut̪orab
ডিএই,"[26, 4, 33, 0, 0, 0, 0, 0, 0, 0, 0, 0, 0, 0, 0, 0, 0, 0]","[['ɖ', 'i'], ['ei̯']]",ɖiei̯
দালালরা,"[16, 1, 12, 1, 12, 2, 1, 0, 0, 0, 0, 0, 0, 0, 0, 0, 0, 0]","[['d̪', 'a'], ['l', 'a', 'l'], ['r', 'a']]",d̪alalra
জুপিটারের,"[18, 14, 15, 4, 17, 1, 2, 5, 2, 0, 0, 0, 0, 0, 0, 0, 0, 0]","[['dʒ', 'u'], ['p', 'i'], ['ʈ', 'a'], ['r', 'e', 'r']]",dʒupiʈarer
এনএসসির,"[5, 6, 5, 19, 19, 4, 2, 0, 0, 0, 0, 0, 0, 0, 0, 0, 0, 0]","[['e', 'n'], ['e', 's'], ['s', 'i', 'r']]",enessir
বীথি,"[11, 4, 30, 4, 0, 0, 0, 0, 0, 0, 0, 0, 0, 0, 0, 0, 0, 0]","[['b', 'i'], ['t̪ʰ', 'i']]",bit̪ʰi
মিথি,"[13, 4, 30, 4, 0, 0, 0, 0, 0, 0, 0, 0, 0, 0, 0, 0, 0, 0]","[['m', 'i'], ['t̪ʰ', 'i']]",mit̪ʰi
জকোভিচের,"[18, 8, 7, 3, 23, 4, 22, 5, 2, 0, 0, 0, 0, 0, 0, 0, 0, 0]","[['dʒ', 'ɔ'], ['k', 'o'], ['bʱ', 'i'], ['tʃ', 'e', 'r']]",dʒɔkobʱitʃer
নলে,"[6, 8, 12, 5, 0, 0, 0, 0, 0, 0, 0, 0, 0, 0, 0, 0, 0, 0]","[['n', 'ɔ'], ['l', 'e']]",nɔle
কলসির,"[7, 3, 12, 10, 4, 2, 0, 0, 0, 0, 0, 0, 0, 0, 0, 0, 0, 0]","[['k', 'o', 'l'], ['ʃ', 'i', 'r']]",kolʃir
ইটে,"[4, 17, 5, 0, 0, 0, 0, 0, 0, 0, 0, 0, 0, 0, 0, 0, 0, 0]","[['i'], ['ʈ', 'e']]",iʈe
নদীজন,"[6, 3, 16, 4, 18, 8, 6, 0, 0, 0, 0, 0, 0, 0, 0, 0, 0, 0]","[['n', 'o'], ['d̪', 'i'], ['dʒ', 'ɔ', 'n']]",nod̪idʒɔn
চউক,"[22, 3, 14, 7, 0, 0, 0, 0, 0, 0, 0, 0, 0, 0, 0, 0, 0, 0]","[['tʃ', 'o'], ['u', 'k']]",tʃouk
ইংরাজ,"[4, 31, 2, 1, 18, 0, 0, 0, 0, 0, 0, 0, 0, 0, 0, 0, 0, 0]","[['i', 'ŋ'], ['r', 'a', 'dʒ']]",iŋradʒ
কবিরসহ,"[7, 3, 11, 4, 2, 10, 8, 21, 3, 0, 0, 0, 0, 0, 0, 0, 0, 0]","[['k', 'o'], ['b', 'i', 'r'], ['ʃ', 'ɔ'], ['h', 'o']]",kobirʃɔho
ফর্মকে,"[27, 8, 2, 13, 7, 5, 0, 0, 0, 0, 0, 0, 0, 0, 0, 0, 0, 0]","[['f', 'ɔ', 'r', 'm'], ['k', 'e']]",fɔrmke
সালেমের,"[19, 1, 12, 5, 13, 5, 2, 0, 0, 0, 0, 0, 0, 0, 0, 0, 0, 0]","[['s', 'a'], ['l', 'e'], ['m', 'e', 'r']]",salemer
লেবাস,"[12, 5, 11, 1, 19, 0, 0, 0, 0, 0, 0, 0, 0, 0, 0, 0, 0, 0]","[['l', 'e'], ['b', 'a', 's']]",lebas
শিবরামপুর,"[10, 4, 11, 2, 1, 13, 15, 14, 2, 0, 0, 0, 0, 0, 0, 0, 0, 0]","[['ʃ', 'i', 'b'], ['r', 'a', 'm'], ['p', 'u', 'r']]",ʃibrampur
সেটিকেই,"[10, 5, 17, 4, 7, 33, 0, 0, 0, 0, 0, 0, 0, 0, 0, 0, 0, 0]","[['ʃ', 'e'], ['ʈ', 'i'], ['k', 'ei̯']]",ʃeʈikei̯
নসিহত,"[6, 3, 10, 4, 21, 8, 9, 0, 0, 0, 0, 0, 0, 0, 0, 0, 0, 0]","[['n', 'o'], ['ʃ', 'i'], ['h', 'ɔ', 't̪']]",noʃihɔt̪
কাটালেও,"[7, 1, 17, 1, 12, 37, 0, 0, 0, 0, 0, 0, 0, 0, 0, 0, 0, 0]","[['k', 'a'], ['ʈ', 'a'], ['l', 'eo̯']]",kaʈaleo̯
ত্রপা,"[9, 2, 8, 15, 1, 0, 0, 0, 0, 0, 0, 0, 0, 0, 0, 0, 0, 0]","[['t̪', 'r', 'ɔ'], ['p', 'a']]",t̪rɔpa
শহিদুলকে,"[10, 3, 21, 4, 16, 14, 12, 7, 5, 0, 0, 0, 0, 0, 0, 0, 0, 0]","[['ʃ', 'o'], ['h', 'i'], ['d̪', 'u', 'l'], ['k', 'e']]",ʃohid̪ulke
ট্রলির,"[17, 2, 8, 12, 4, 2, 0, 0, 0, 0, 0, 0, 0, 0, 0, 0, 0, 0]","[['ʈ', 'r', 'ɔ'], ['l', 'i', 'r']]",ʈrɔlir
আমলকীর,"[1, 13, 12, 3, 7, 4, 2, 0, 0, 0, 0, 0, 0, 0, 0, 0, 0, 0]","[['a', 'm'], ['l', 'o'], ['k', 'i', 'r']]",amlokir
বেতারকেন্দ্র,"[11, 5, 9, 1, 2, 7, 5, 6, 16, 2, 3, 0, 0, 0, 0, 0, 0, 0]","[['b', 'e'], ['t̪', 'a', 'r'], ['k', 'e', 'n'], ['d̪', 'r', 'o']]",bet̪arkend̪ro
মোচার,"[13, 3, 22, 1, 2, 0, 0, 0, 0, 0, 0, 0, 0, 0, 0, 0, 0, 0]","[['m', 'o'], ['tʃ', 'a', 'r']]",motʃar
নীরজা,"[6, 4, 2, 18, 1, 0, 0, 0, 0, 0, 0, 0, 0, 0, 0, 0, 0, 0]","[['n', 'i', 'r'], ['dʒ', 'a']]",nirdʒa
বাসবো,"[11, 1, 10, 11, 3, 0, 0, 0, 0, 0, 0, 0, 0, 0, 0, 0, 0, 0]","[['b', 'a', 'ʃ'], ['b', 'o']]",baʃbo
সত্যকেই,"[10, 3, 9, 9, 3, 7, 33, 0, 0, 0, 0, 0, 0, 0, 0, 0, 0, 0]","[['ʃ', 'o', 't̪'], ['t̪', 'o'], ['k', 'ei̯']]",ʃot̪t̪okei̯
লেসের,"[12, 5, 19, 5, 2, 0, 0, 0, 0, 0, 0, 0, 0, 0, 0, 0, 0, 0]","[['l', 'e'], ['s', 'e', 'r']]",leser
ভেহিকেল,"[23, 5, 21, 4, 7, 5, 12, 0, 0, 0, 0, 0, 0, 0, 0, 0, 0, 0]","[['bʱ', 'e'], ['h', 'i'], ['k', 'e', 'l']]",bʱehikel
দখলেই,"[16, 8, 24, 3, 12, 33, 0, 0, 0, 0, 0, 0, 0, 0, 0, 0, 0, 0]","[['d̪', 'ɔ'], ['kʰ', 'o'], ['l', 'ei̯']]",d̪ɔkʰolei̯
লীনার,"[12, 4, 6, 1, 2, 0, 0, 0, 0, 0, 0, 0, 0, 0, 0, 0, 0, 0]","[['l', 'i'], ['n', 'a', 'r']]",linar
সৌজন্যবোধ,"[19, 38, 18, 3, 6, 6, 3, 11, 3, 25, 0, 0, 0, 0, 0, 0, 0, 0]","[['s', 'ou̯'], ['dʒ', 'o', 'n'], ['n', 'o'], ['b', 'o', 'd̪ʱ']]",sou̯dʒonnobod̪ʱ
কুচির,"[7, 14, 22, 4, 2, 0, 0, 0, 0, 0, 0, 0, 0, 0, 0, 0, 0, 0]","[['k', 'u'], ['tʃ', 'i', 'r']]",kutʃir
এইটে,"[33, 17, 5, 0, 0, 0, 0, 0, 0, 0, 0, 0, 0, 0, 0, 0, 0, 0]","[['ei̯'], ['ʈ', 'e']]",ei̯ʈe
উল্লেখপূর্বক,"[14, 12, 12, 5, 24, 15, 14, 2, 11, 3, 7, 0, 0, 0, 0, 0, 0, 0]","[['u', 'l'], ['l', 'e', 'kʰ'], ['p', 'u', 'r'], ['b', 'o', 'k']]",ullekʰpurbok
রুমালে,"[2, 14, 13, 1, 12, 5, 0, 0, 0, 0, 0, 0, 0, 0, 0, 0, 0, 0]","[['r', 'u'], ['m', 'a'], ['l', 'e']]",rumale
পত্রপাঠ,"[15, 8, 9, 2, 3, 15, 1, 36, 0, 0, 0, 0, 0, 0, 0, 0, 0, 0]","[['p', 'ɔ', 't̪'], ['r', 'o'], ['p', 'a', 'ʈʰ']]",pɔt̪ropaʈʰ
তেনজিং,"[9, 5, 6, 18, 4, 31, 0, 0, 0, 0, 0, 0, 0, 0, 0, 0, 0, 0]","[['t̪', 'e', 'n'], ['dʒ', 'i', 'ŋ']]",t̪endʒiŋ
গোলটেবিলে,"[20, 3, 12, 17, 5, 11, 4, 12, 5, 0, 0, 0, 0, 0, 0, 0, 0, 0]","[['g', 'o', 'l'], ['ʈ', 'e'], ['b', 'i'], ['l', 'e']]",golʈebile
বিআইডব্লিউটিএ,"[11, 4, 32, 26, 3, 11, 12, 41, 17, 4, 5, 0, 0, 0, 0, 0, 0, 0]","[['b', 'i'], ['ai̯'], ['ɖ', 'o', 'b'], ['l', 'iu̯'], ['ʈ', 'i'], ['e']]",biai̯ɖobliu̯ʈie
মাইটোসিস,"[13, 32, 17, 3, 19, 4, 19, 0, 0, 0, 0, 0, 0, 0, 0, 0, 0, 0]","[['m', 'ai̯'], ['ʈ', 'o'], ['s', 'i', 's']]",mai̯ʈosis
বাজত,"[11, 1, 18, 9, 3, 0, 0, 0, 0, 0, 0, 0, 0, 0, 0, 0, 0, 0]","[['b', 'a', 'dʒ'], ['t̪', 'o']]",badʒt̪o
যুক্তদের,"[18, 14, 7, 9, 3, 16, 5, 2, 0, 0, 0, 0, 0, 0, 0, 0, 0, 0]","[['dʒ', 'u', 'k'], ['t̪', 'o'], ['d̪', 'e', 'r']]",dʒukt̪od̪er
বৃক্ষনিধন,"[11, 2, 4, 7, 24, 3, 6, 4, 25, 8, 6, 0, 0, 0, 0, 0, 0, 0]","[['b', 'r', 'i', 'k'], ['kʰ', 'o'], ['n', 'i'], ['d̪ʱ', 'ɔ', 'n']]",brikkʰonid̪ʱɔn
মুসলমানরাও,"[13, 14, 19, 8, 12, 13, 1, 6, 2, 39, 0, 0, 0, 0, 0, 0, 0, 0]","[['m', 'u'], ['s', 'ɔ', 'l'], ['m', 'a', 'n'], ['r', 'ao̯']]",musɔlmanrao̯
পিআইবির,"[15, 4, 32, 11, 4, 2, 0, 0, 0, 0, 0, 0, 0, 0, 0, 0, 0, 0]","[['p', 'i'], ['ai̯'], ['b', 'i', 'r']]",piai̯bir
সীমান্তসংলগ্ন,"[10, 4, 13, 1, 6, 9, 3, 10, 8, 31, 12, 3, 20, 6, 3, 0, 0, 0]","[['ʃ', 'i'], ['m', 'a', 'n'], ['t̪', 'o'], ['ʃ', 'ɔ', 'ŋ'], ['l', 'o', 'g'], ['n', 'o']]",ʃimant̪oʃɔŋlogno
লক্ষণপুর,"[12, 8, 7, 24, 3, 6, 15, 14, 2, 0, 0, 0, 0, 0, 0, 0, 0, 0]","[['l', 'ɔ', 'k'], ['kʰ', 'o', 'n'], ['p', 'u', 'r']]",lɔkkʰonpur
বসতেও,"[11, 3, 10, 9, 37, 0, 0, 0, 0, 0, 0, 0, 0, 0, 0, 0, 0, 0]","[['b', 'o', 'ʃ'], ['t̪', 'eo̯']]",boʃt̪eo̯
রুচিহীন,"[2, 14, 22, 4, 21, 4, 6, 0, 0, 0, 0, 0, 0, 0, 0, 0, 0, 0]","[['r', 'u'], ['tʃ', 'i'], ['h', 'i', 'n']]",rutʃihin
ফুলবাগান,"[27, 14, 12, 11, 1, 20, 1, 6, 0, 0, 0, 0, 0, 0, 0, 0, 0, 0]","[['f', 'u', 'l'], ['b', 'a'], ['g', 'a', 'n']]",fulbagan
তীর্থক্ষেত্র,"[9, 4, 2, 30, 3, 24, 5, 9, 2, 3, 0, 0, 0, 0, 0, 0, 0, 0]","[['t̪', 'i', 'r'], ['t̪ʰ', 'o'], ['kʰ', 'e', 't̪'], ['r', 'o']]",t̪irt̪ʰokʰet̪ro
চারমাথা,"[22, 1, 2, 13, 1, 30, 1, 0, 0, 0, 0, 0, 0, 0, 0, 0, 0, 0]","[['tʃ', 'a', 'r'], ['m', 'a'], ['t̪ʰ', 'a']]",tʃarmat̪ʰa
ধনিক,"[25, 3, 6, 4, 7, 0, 0, 0, 0, 0, 0, 0, 0, 0, 0, 0, 0, 0]","[['d̪ʱ', 'o'], ['n', 'i', 'k']]",d̪ʱonik
সিআরপির,"[19, 4, 1, 2, 15, 4, 2, 0, 0, 0, 0, 0, 0, 0, 0, 0, 0, 0]","[['s', 'i'], ['a', 'r'], ['p', 'i', 'r']]",siarpir
শেষটাও,"[10, 5, 10, 17, 39, 0, 0, 0, 0, 0, 0, 0, 0, 0, 0, 0, 0, 0]","[['ʃ', 'e', 'ʃ'], ['ʈ', 'ao̯']]",ʃeʃʈao̯
ফকিরাপুলে,"[27, 3, 7, 4, 2, 1, 15, 14, 12, 5, 0, 0, 0, 0, 0, 0, 0, 0]","[['f', 'o'], ['k', 'i'], ['r', 'a'], ['p', 'u'], ['l', 'e']]",fokirapule
কেডিডিআই,"[7, 5, 26, 4, 26, 4, 32, 0, 0, 0, 0, 0, 0, 0, 0, 0, 0, 0]","[['k', 'e'], ['ɖ', 'i'], ['ɖ', 'i'], ['ai̯']]",keɖiɖiai̯
পুতির,"[15, 14, 9, 4, 2, 0, 0, 0, 0, 0, 0, 0, 0, 0, 0, 0, 0, 0]","[['p', 'u'], ['t̪', 'i', 'r']]",put̪ir
রাজদূত,"[2, 1, 18, 16, 14, 9, 0, 0, 0, 0, 0, 0, 0, 0, 0, 0, 0, 0]","[['r', 'a', 'dʒ'], ['d̪', 'u', 't̪']]",radʒd̪ut̪
সামলেছেন,"[10, 1, 13, 12, 5, 28, 5, 6, 0, 0, 0, 0, 0, 0, 0, 0, 0, 0]","[['ʃ', 'a', 'm'], ['l', 'e'], ['tʃʰ', 'e', 'n']]",ʃamletʃʰen
কুচার,"[7, 14, 22, 1, 2, 0, 0, 0, 0, 0, 0, 0, 0, 0, 0, 0, 0, 0]","[['k', 'u'], ['tʃ', 'a', 'r']]",kutʃar
কর্তব্যবোধ,"[7, 8, 2, 9, 3, 11, 11, 3, 11, 3, 25, 0, 0, 0, 0, 0, 0, 0]","[['k', 'ɔ', 'r'], ['t̪', 'o', 'b'], ['b', 'o'], ['b', 'o', 'd̪ʱ']]",kɔrt̪obbobod̪ʱ
রোবেন,"[2, 3, 11, 5, 6, 0, 0, 0, 0, 0, 0, 0, 0, 0, 0, 0, 0, 0]","[['r', 'o'], ['b', 'e', 'n']]",roben
লোলো,"[12, 3, 12, 3, 0, 0, 0, 0, 0, 0, 0, 0, 0, 0, 0, 0, 0, 0]","[['l', 'o'], ['l', 'o']]",lolo
হেথা,"[21, 5, 30, 1, 0, 0, 0, 0, 0, 0, 0, 0, 0, 0, 0, 0, 0, 0]","[['h', 'e'], ['t̪ʰ', 'a']]",het̪ʰa
পেপের,"[15, 5, 15, 5, 2, 0, 0, 0, 0, 0, 0, 0, 0, 0, 0, 0, 0, 0]","[['p', 'e'], ['p', 'e', 'r']]",peper
প্রতিনিধিদলে,"[15, 2, 3, 9, 4, 6, 4, 25, 4, 16, 8, 12, 5, 0, 0, 0, 0, 0]","[['p', 'r', 'o'], ['t̪', 'i'], ['n', 'i'], ['d̪ʱ', 'i'], ['d̪', 'ɔ'], ['l', 'e']]",prot̪inid̪ʱid̪ɔle
মুক্তিযুদ্ধকালের,"[13, 14, 7, 9, 4, 18, 14, 16, 25, 3, 7, 1, 12, 5, 2, 0, 0, 0]","[['m', 'u', 'k'], ['t̪', 'i'], ['dʒ', 'u', 'd̪'], ['d̪ʱ', 'o'], ['k', 'a'], ['l', 'e', 'r']]",mukt̪idʒud̪d̪ʱokaler
উনুনের,"[14, 6, 14, 6, 5, 2, 0, 0, 0, 0, 0, 0, 0, 0, 0, 0, 0, 0]","[['u'], ['n', 'u'], ['n', 'e', 'r']]",ununer
রক্তশূন্যতার,"[2, 8, 7, 9, 3, 10, 14, 6, 6, 3, 9, 1, 2, 0, 0, 0, 0, 0]","[['r', 'ɔ', 'k'], ['t̪', 'o'], ['ʃ', 'u', 'n'], ['n', 'o'], ['t̪', 'a', 'r']]",rɔkt̪oʃunnot̪ar
বিএমইটি,"[11, 4, 5, 13, 4, 17, 4, 0, 0, 0, 0, 0, 0, 0, 0, 0, 0, 0]","[['b', 'i'], ['e', 'm'], ['i'], ['ʈ', 'i']]",biemiʈi
বাটিক,"[11, 1, 17, 4, 7, 0, 0, 0, 0, 0, 0, 0, 0, 0, 0, 0, 0, 0]","[['b', 'a'], ['ʈ', 'i', 'k']]",baʈik
নিদর্শনগুলোর,"[6, 4, 16, 8, 2, 10, 8, 6, 20, 14, 12, 3, 2, 0, 0, 0, 0, 0]","[['n', 'i'], ['d̪', 'ɔ', 'r'], ['ʃ', 'ɔ', 'n'], ['g', 'u'], ['l', 'o', 'r']]",nid̪ɔrʃɔngulor
চপের,"[22, 8, 15, 5, 2, 0, 0, 0, 0, 0, 0, 0, 0, 0, 0, 0, 0, 0]","[['tʃ', 'ɔ'], ['p', 'e', 'r']]",tʃɔper
কর্মবিমুখ,"[7, 8, 2, 13, 3, 11, 4, 13, 14, 24, 0, 0, 0, 0, 0, 0, 0, 0]","[['k', 'ɔ', 'r'], ['m', 'o'], ['b', 'i'], ['m', 'u', 'kʰ']]",kɔrmobimukʰ
দীর্ঘপথ,"[16, 4, 2, 34, 3, 15, 8, 30, 0, 0, 0, 0, 0, 0, 0, 0, 0, 0]","[['d̪', 'i', 'r'], ['gʱ', 'o'], ['p', 'ɔ', 't̪ʰ']]",d̪irgʱopɔt̪ʰ
এগোলেও,"[5, 20, 3, 12, 37, 0, 0, 0, 0, 0, 0, 0, 0, 0, 0, 0, 0, 0]","[['e'], ['g', 'o'], ['l', 'eo̯']]",egoleo̯
সর্বপ্রধান,"[10, 8, 2, 11, 3, 15, 2, 3, 25, 1, 6, 0, 0, 0, 0, 0, 0, 0]","[['ʃ', 'ɔ', 'r'], ['b', 'o'], ['p', 'r', 'o'], ['d̪ʱ', 'a', 'n']]",ʃɔrboprod̪ʱan
প্লেমেকার,"[15, 12, 5, 13, 5, 7, 1, 2, 0, 0, 0, 0, 0, 0, 0, 0, 0, 0]","[['p', 'l', 'e'], ['m', 'e'], ['k', 'a', 'r']]",plemekar
ফুলগুলোর,"[27, 14, 12, 20, 14, 12, 3, 2, 0, 0, 0, 0, 0, 0, 0, 0, 0, 0]","[['f', 'u', 'l'], ['g', 'u'], ['l', 'o', 'r']]",fulgulor
গুহাটির,"[20, 14, 21, 1, 17, 4, 2, 0, 0, 0, 0, 0, 0, 0, 0, 0, 0, 0]","[['g', 'u'], ['h', 'a'], ['ʈ', 'i', 'r']]",guhaʈir
আলগোছে,"[1, 12, 20, 3, 28, 5, 0, 0, 0, 0, 0, 0, 0, 0, 0, 0, 0, 0]","[['a', 'l'], ['g', 'o'], ['tʃʰ', 'e']]",algotʃʰe
নোটিশটি,"[6, 3, 17, 4, 10, 17, 4, 0, 0, 0, 0, 0, 0, 0, 0, 0, 0, 0]","[['n', 'o'], ['ʈ', 'i', 'ʃ'], ['ʈ', 'i']]",noʈiʃʈi
বিএসসির,"[11, 4, 5, 19, 19, 4, 2, 0, 0, 0, 0, 0, 0, 0, 0, 0, 0, 0]","[['b', 'i'], ['e', 's'], ['s', 'i', 'r']]",biessir
স্থাপনাটির,"[19, 30, 1, 15, 8, 6, 1, 17, 4, 2, 0, 0, 0, 0, 0, 0, 0, 0]","[['s', 't̪ʰ', 'a'], ['p', 'ɔ'], ['n', 'a'], ['ʈ', 'i', 'r']]",st̪ʰapɔnaʈir
সগির,"[19, 3, 20, 4, 2, 0, 0, 0, 0, 0, 0, 0, 0, 0, 0, 0, 0, 0]","[['s', 'o'], ['g', 'i', 'r']]",sogir
সুরকে,"[10, 14, 2, 7, 5, 0, 0, 0, 0, 0, 0, 0, 0, 0, 0, 0, 0, 0]","[['ʃ', 'u', 'r'], ['k', 'e']]",ʃurke
ইআরডি,"[4, 1, 2, 26, 4, 0, 0, 0, 0, 0, 0, 0, 0, 0, 0, 0, 0, 0]","[['i'], ['a', 'r'], ['ɖ', 'i']]",iarɖi
আমরেলি,"[1, 13, 2, 5, 12, 4, 0, 0, 0, 0, 0, 0, 0, 0, 0, 0, 0, 0]","[['a', 'm'], ['r', 'e'], ['l', 'i']]",amreli
শকুন্তলার,"[10, 3, 7, 14, 6, 9, 8, 12, 1, 2, 0, 0, 0, 0, 0, 0, 0, 0]","[['ʃ', 'o'], ['k', 'u', 'n'], ['t̪', 'ɔ'], ['l', 'a', 'r']]",ʃokunt̪ɔlar
বিবিএসের,"[11, 4, 11, 4, 5, 19, 5, 2, 0, 0, 0, 0, 0, 0, 0, 0, 0, 0]","[['b', 'i'], ['b', 'i'], ['e'], ['s', 'e', 'r']]",bibieser
গমগম,"[20, 8, 13, 20, 8, 13, 0, 0, 0, 0, 0, 0, 0, 0, 0, 0, 0, 0]","[['g', 'ɔ', 'm'], ['g', 'ɔ', 'm']]",gɔmgɔm
তেজা,"[9, 5, 18, 1, 0, 0, 0, 0, 0, 0, 0, 0, 0, 0, 0, 0, 0, 0]","[['t̪', 'e'], ['dʒ', 'a']]",t̪edʒa
ঘুমহীন,"[34, 14, 13, 21, 4, 6, 0, 0, 0, 0, 0, 0, 0, 0, 0, 0, 0, 0]","[['gʱ', 'u', 'm'], ['h', 'i', 'n']]",gʱumhin
দেবগণের,"[16, 5, 11, 20, 8, 6, 5, 2, 0, 0, 0, 0, 0, 0, 0, 0, 0, 0]","[['d̪', 'e', 'b'], ['g', 'ɔ'], ['n', 'e', 'r']]",d̪ebgɔner
ভারতকেও,"[23, 1, 2, 3, 9, 7, 37, 0, 0, 0, 0, 0, 0, 0, 0, 0, 0, 0]","[['bʱ', 'a'], ['r', 'o', 't̪'], ['k', 'eo̯']]",bʱarot̪keo̯
রহমানও,"[2, 8, 21, 13, 1, 6, 3, 0, 0, 0, 0, 0, 0, 0, 0, 0, 0, 0]","[['r', 'ɔ', 'h'], ['m', 'a', 'n'], ['o']]",rɔhmano
বিশ্বও,"[11, 4, 10, 10, 3, 3, 0, 0, 0, 0, 0, 0, 0, 0, 0, 0, 0, 0]","[['b', 'i', 'ʃ'], ['ʃ', 'o'], ['o']]",biʃʃoo
ফিউসন,"[27, 41, 10, 8, 6, 0, 0, 0, 0, 0, 0, 0, 0, 0, 0, 0, 0, 0]","[['f', 'iu̯'], ['ʃ', 'ɔ', 'n']]",fiu̯ʃɔn
বরকতে,"[11, 8, 2, 7, 3, 9, 5, 0, 0, 0, 0, 0, 0, 0, 0, 0, 0, 0]","[['b', 'ɔ', 'r'], ['k', 'o'], ['t̪', 'e']]",bɔrkot̪e
চাটি,"[22, 1, 17, 4, 0, 0, 0, 0, 0, 0, 0, 0, 0, 0, 0, 0, 0, 0]","[['tʃ', 'a'], ['ʈ', 'i']]",tʃaʈi
বিএমসি,"[11, 4, 5, 13, 19, 4, 0, 0, 0, 0, 0, 0, 0, 0, 0, 0, 0, 0]","[['b', 'i'], ['e', 'm'], ['s', 'i']]",biemsi
হানলে,"[21, 1, 6, 12, 5, 0, 0, 0, 0, 0, 0, 0, 0, 0, 0, 0, 0, 0]","[['h', 'a', 'n'], ['l', 'e']]",hanle
সিংহল,"[10, 4, 31, 21, 8, 12, 0, 0, 0, 0, 0, 0, 0, 0, 0, 0, 0, 0]","[['ʃ', 'i', 'ŋ'], ['h', 'ɔ', 'l']]",ʃiŋhɔl
রাসুলে,"[2, 1, 19, 14, 12, 5, 0, 0, 0, 0, 0, 0, 0, 0, 0, 0, 0, 0]","[['r', 'a'], ['s', 'u'], ['l', 'e']]",rasule
