id,word1,word2,ipa1,ipa2,rime1,rime2,subset,predicted_label,label_corrected,reviewed,notes
rhyme_00000,ক্ষেত্রটি,পর্বটি,kʰet̪roʈi,pɔrboʈi,i,i,pos,1,,,
rhyme_00001,আব্রাহামের,দৃশ্যের,abrahamer,d̪riʃʃer,er,er,pos,1,,,
rhyme_00002,নিষ্ঠুরতা,ব্যাটা,niʃʈʰurɔt̪a,bæʈa,a,a,pos,1,,,
rhyme_00003,উপাদানে,মানবদেহে,upad̪ane,manobd̪ehe,e,e,pos,1,,,
rhyme_00004,কৃষিক্ষেত্রে,ভিত্তিতে,kriʃikʰet̪re,bʱit̪t̪it̪e,e,e,pos,1,,,
rhyme_00005,বেলি,যেটি,beli,dʒeʈi,i,i,pos,1,,,
rhyme_00006,নারে,সুযোগে,nare,ʃudʒoge,e,e,pos,1,,,
rhyme_00007,পাকাপোক্ত,রহ,pakapokt̪o,rɔho,o,o,pos,1,,,
rhyme_00008,খেলছিল,স্তব্ধ,kʰeltʃʰilo,st̪ɔbd̪ʱo,o,o,pos,1,,,
rhyme_00009,নাওমি,সুবিধাভোগী,nao̯mi,ʃubid̪ʱabʱogi,i,i,pos,1,,,
rhyme_00010,উর্ধ্বতন,তরান্বিত,urd̪ʱot̪ɔno,t̪ɔrannit̪o,o,o,pos,1,,,
rhyme_00011,বেচে,শুধরে,betʃe,ʃud̪ʱre,e,e,pos,1,,,
rhyme_00012,পোস্টারে,সর্বক্ষেত্রে,posʈare,ʃɔrbokʰet̪re,e,e,pos,1,,,
rhyme_00013,এখনো,প্লাবিত,ækʰono,plabit̪o,o,o,pos,1,,,
rhyme_00014,দরবারের,পেশাদারিত্বের,d̪ɔrbarer,peʃad̪arit̪t̪er,er,er,pos,1,,,
rhyme_00015,অবতার,কাকার,ɔbot̪ar,kakar,ar,ar,pos,1,,,
rhyme_00016,ক্যাটরিনা,বিক্রেতারা,kæʈrina,bikret̪ara,a,a,pos,1,,,
rhyme_00017,তামা,নির্ভরতা,t̪ama,nirbʱɔrot̪a,a,a,pos,1,,,
rhyme_00018,পাইনি,সভানেত্রী,pai̯ni,ʃɔbʱanet̪ri,i,i,pos,1,,,
rhyme_00019,খলিলুর,নূপুর,kʰolilur,nupur,ur,ur,pos,1,,,
rhyme_00020,ত্যাগের,বৈঠকের,t̪æger,boi̯ʈʰɔker,er,er,pos,1,,,
rhyme_00021,দোষে,পার্থক্যকে,d̪oʃe,part̪ʰokkoke,e,e,pos,1,,,
rhyme_00022,শুনার,সেবার,ʃunar,ʃebar,ar,ar,pos,1,,,
rhyme_00023,করেছো,মৎস্য,koretʃʰo,mɔt̪ʃo,o,o,pos,1,,,
rhyme_00024,গুপ্তের,গ্রুপের,gupt̪er,gruper,er,er,pos,1,,,
rhyme_00025,গ্রামটি,বিষয়শ্রেণী,gramʈi,biʃoe̯sreni,i,i,pos,1,,,
rhyme_00026,আভা,ভাষা,abʱa,bʱaʃa,a,a,pos,1,,,
rhyme_00027,একজনকে,মরেছে,ækdʒonke,moretʃʰe,e,e,pos,1,,,
rhyme_00028,আত্মগোপনে,তাকাচ্ছে,at̪t̪ogopone,t̪akatʃtʃʰe,e,e,pos,1,,,
rhyme_00029,করিনি,খুবই,korini,kʰubi,i,i,pos,1,,,
rhyme_00030,অভিধানে,পাসপোর্টে,ɔbʱid̪ʱane,pasporʈe,e,e,pos,1,,,
rhyme_00031,উত্থানে,মানুষদেরকে,ut̪t̪ʰane,manuʃd̪erke,e,e,pos,1,,,
rhyme_00032,বনের,বন্দরের,bɔner,bɔnd̪ɔrer,er,er,pos,1,,,
rhyme_00033,গুনে,হৃদরোগে,gune,hrid̪roge,e,e,pos,1,,,
rhyme_00034,গ্রহণের,মৃত্যুদন্ডের,grohoner,mrit̪t̪ud̪ɔnɖer,er,er,pos,1,,,
rhyme_00035,আসরের,নেতাদের,aʃorer,net̪ad̪er,er,er,pos,1,,,
rhyme_00036,অনেকে,মনিটরে,ɔneke,moniʈɔre,e,e,pos,1,,,
rhyme_00037,কর্মসংস্থান,সোবহান,kɔrmoʃɔŋst̪ʰan,sobhan,an,an,pos,1,,,
rhyme_00038,ঋণের,মোটরসাইকেলের,riner,moʈorsai̯keler,er,er,pos,1,,,
rhyme_00039,দানা,বর্বরতা,d̪ana,bɔrbɔrot̪a,a,a,pos,1,,,
rhyme_00040,তথ্যমতে,মধ্যখানে,t̪ot̪t̪ʰomɔt̪e,mod̪d̪ʱokʰane,e,e,pos,1,,,
rhyme_00041,নিম্নে,ভাগ্যকে,nimne,bʱaggoke,e,e,pos,1,,,
rhyme_00042,তুলা,প্রথিতযশা,t̪ula,prot̪ʰit̪odʒɔʃa,a,a,pos,1,,,
rhyme_00043,ধারাভাষ্য,বৈধ,d̪ʱarabʱaʃʃo,boi̯d̪ʱo,o,o,pos,1,,,
rhyme_00044,জলপথে,শহুরে,dʒɔlpɔt̪ʰe,ʃohure,e,e,pos,1,,,
rhyme_00045,ফখরুলের,স্বাক্ষরের,fɔkʰruler,ʃakkʰorer,er,er,pos,1,,,
rhyme_00046,তল্লাশী,প্রাইভেসি,t̪ɔllaʃi,prai̯bʱesi,i,i,pos,1,,,
rhyme_00047,ঝামেলার,বরগুনার,dʒʱamelar,bɔrgunar,ar,ar,pos,1,,,
rhyme_00048,কমের,মাহমুদের,kɔmer,mahmud̪er,er,er,pos,1,,,
rhyme_00049,করাসহ,বাধাগ্রস্ত,kɔraʃɔho,bad̪ʱagrost̪o,o,o,pos,1,,,
rhyme_00050,এমনিতে,সরাতে,emnit̪e,ʃɔrat̪e,e,e,pos,1,,,
rhyme_00051,ফেসবুকের,মোদের,fesbuker,mod̪er,er,er,pos,1,,,
rhyme_00052,গতিকে,পরীক্ষাগারে,got̪ike,porikkʰagare,e,e,pos,1,,,
rhyme_00053,আগ্রাসী,ধর্মী,agraʃi,d̪ʱormi,i,i,pos,1,,,
rhyme_00054,খদ্দের,সংযোজনের,kʰɔd̪d̪er,ʃɔŋdʒodʒɔner,er,er,pos,1,,,
rhyme_00055,গিয়ার,সাক্ষাত্কার,giar,ʃakkʰat̪kar,ar,ar,pos,1,,,
rhyme_00056,আদর্শে,সইছে,ad̪orʃe,ʃoi̯tʃʰe,e,e,pos,1,,,
rhyme_00057,নেটে,সম্পূর্ণভাবে,neʈe,ʃɔmpurnobʱabe,e,e,pos,1,,,
rhyme_00058,তবে,যেগুলোকে,t̪ɔbe,dʒeguloke,e,e,pos,1,,,
rhyme_00059,কৌটা,টাকাটা,koo̯ʈa,ʈakaʈa,a,a,pos,1,,,
rhyme_00060,তাচ্ছিল্য,নৃত্যরত,t̪atʃtʃʰillo,nrit̪t̪orɔt̪o,o,o,pos,1,,,
rhyme_00061,ক্রুজের,চিত্রকর্মের,krudʒer,tʃit̪rokɔrmer,er,er,pos,1,,,
rhyme_00062,খোন্দকার,পরিস্কার,kʰond̪okar,poriʃkar,ar,ar,pos,1,,,
rhyme_00063,ক্যাপ্টেনের,ক্যাম্পাসের,kæpʈener,kæmpaser,er,er,pos,1,,,
rhyme_00064,জ্বালানী,বিজ্ঞাপনী,dʒalani,biggaponi,i,i,pos,1,,,
rhyme_00065,পূর্ব,লোহিত,purbo,lohit̪o,o,o,pos,1,,,
rhyme_00066,ছিদ্র,শিল্প,tʃʰid̪ro,ʃilpo,o,o,pos,1,,,
rhyme_00067,নামও,নিতো,namo,nit̪o,o,o,pos,1,,,
rhyme_00068,বর্গকিলোমিটার,সালফার,bɔrgokilomiʈar,salfar,ar,ar,pos,1,,,
rhyme_00069,চাঁদাবাজি,ফোনটি,tʃad̪abadʒi,fonʈi,i,i,pos,1,,,
rhyme_00070,অংশগ্রহনের,সুনামগঞ্জের,ɔŋʃogrohoner,ʃunamgɔndʒer,er,er,pos,1,,,
rhyme_00071,বিদীর্ণ,সংস্থাগুলো,bid̪irno,ʃɔŋst̪ʰagulo,o,o,pos,1,,,
rhyme_00072,স্বর্গে,হাতিকে,ʃɔrge,hat̪ike,e,e,pos,1,,,
rhyme_00073,ওঠার,হবার,oʈʰar,hɔbar,ar,ar,pos,1,,,
rhyme_00074,ধরতে,প্রধানকে,d̪ʱort̪e,prod̪ʱanke,e,e,pos,1,,,
rhyme_00075,দ্বীপটিতে,মুক্তিতে,d̪ipʈit̪e,mukt̪it̪e,e,e,pos,1,,,
rhyme_00076,গ্রাহককে,দ্বীপকে,grahokke,d̪ipke,e,e,pos,1,,,
rhyme_00077,সংবাদে,সন্তানদেরকে,ʃɔŋbad̪e,ʃɔnt̪and̪erke,e,e,pos,1,,,
rhyme_00078,দোস্ত,দৌড়ানো,d̪ost̪o,d̪ou̯rano,o,o,pos,1,,,
rhyme_00079,দুটা,নায়িকা,d̪uʈa,naika,a,a,pos,1,,,
rhyme_00080,ইস্তফা,ব্যর্থতা,ist̪ofa,bært̪ʰot̪a,a,a,pos,1,,,
rhyme_00081,কমার,কাইজার,kɔmar,kai̯dʒar,ar,ar,pos,1,,,
rhyme_00082,কান্তি,নিরামিষভোজী,kant̪i,niramiʃbʱodʒi,i,i,pos,1,,,
rhyme_00083,কীর্তি,জাবি,kirt̪i,dʒabi,i,i,pos,1,,,
rhyme_00084,বেচা,মালটা,betʃa,malʈa,a,a,pos,1,,,
rhyme_00085,দিনাজপুরের,ভাইরাসের,d̪inadʒpurer,bʱai̯raser,er,er,pos,1,,,
rhyme_00086,বুধবারে,বোম্বে,bud̪ʱbare,bombe,e,e,pos,1,,,
rhyme_00087,আপনজনের,শহীদদের,apondʒɔner,ʃohid̪d̪er,er,er,pos,1,,,
rhyme_00088,আগলে,শিখতে,agle,ʃikʰt̪e,e,e,pos,1,,,
rhyme_00089,সুরেলা,স্বার্থপরতা,ʃurela,ʃart̪ʰopɔrot̪a,a,a,pos,1,,,
rhyme_00090,শেষের,হিউজের,ʃeʃer,hiudʒer,er,er,pos,1,,,
rhyme_00091,উদ্দেশ্য,মান্য,ud̪d̪eʃʃo,manno,o,o,pos,1,,,
rhyme_00092,অপরদিকে,আলোকে,ɔpɔrd̪ike,aloke,e,e,pos,1,,,
rhyme_00093,অনুদানে,দলটিতে,onud̪ane,d̪ɔlʈit̪e,e,e,pos,1,,,
rhyme_00094,অপূর্ণতা,দলটা,ɔpurnot̪a,d̪ɔlʈa,a,a,pos,1,,,
rhyme_00095,রুগ্ন,সাজাপ্রাপ্ত,rugno,sadʒaprapt̪o,o,o,pos,1,,,
rhyme_00096,পারছেনা,প্রজ্ঞা,partʃʰena,progga,a,a,pos,1,,,
rhyme_00097,এক্সট্রা,নেয়া,eksʈra,nea,a,a,pos,1,,,
rhyme_00098,গ্রেপ্তারে,সপক্ষে,grept̪are,ʃɔpokkʰe,e,e,pos,1,,,
rhyme_00099,গঠিত,যকৃত,goʈʰit̪o,dʒɔkrit̪o,o,o,pos,1,,,
rhyme_00100,নানান,নূরজাহান,nanan,nurdʒahan,an,an,pos,1,,,
rhyme_00101,খুনিদের,বাসের,kʰunid̪er,baser,er,er,pos,1,,,
rhyme_00102,অক্টোবরের,ভিনগ্রহের,ɔkʈobɔrer,bʱingroher,er,er,pos,1,,,
rhyme_00103,সালমানকে,সেনাবাহিনীকে,salmanke,ʃenabahinike,e,e,pos,1,,,
rhyme_00104,আমস্টারডামে,তাঁকে,amosʈarɖame,t̪ake,e,e,pos,1,,,
rhyme_00105,চৌধুরীকে,দরবারে,tʃou̯d̪ʱurike,d̪ɔrbare,e,e,pos,1,,,
rhyme_00106,করাচির,রাষ্ট্রটির,kɔratʃir,raʃʈroʈir,ir,ir,pos,1,,,
rhyme_00107,উজান,প্রমান,udʒan,proman,an,an,pos,1,,,
rhyme_00108,পতনে,প্রেসে,pɔt̪one,prese,e,e,pos,1,,,
rhyme_00109,ধর্মাবলম্বী,শিখছি,d̪ʱɔrmabolombi,ʃikʰtʃʰi,i,i,pos,1,,,
rhyme_00110,প্রতিজ্ঞ,সারিবদ্ধ,prot̪iggo,ʃaribɔd̪d̪ʱo,o,o,pos,1,,,
rhyme_00111,এক্সপ্রেসে,কাঁদতে,eksprese,kad̪t̪e,e,e,pos,1,,,
rhyme_00112,চোরকে,বুথে,tʃorke,but̪ʰe,e,e,pos,1,,,
rhyme_00113,উপাদানকে,ডাকবে,upad̪anke,ɖakbe,e,e,pos,1,,,
rhyme_00114,অনুন্নত,এগার,ɔnunnɔt̪o,ægaro,o,o,pos,1,,,
rhyme_00115,দেখলে,ফুটছে,d̪ekʰle,fuʈtʃʰe,e,e,pos,1,,,
rhyme_00116,জনস্বাস্থ্যের,বান্ধবের,dʒɔnoʃast̪ʰer,band̪ʱober,er,er,pos,1,,,
rhyme_00117,নারীদেরকে,বাস্তবে,narid̪erke,bast̪obe,e,e,pos,1,,,
rhyme_00118,কেবিনে,চেখে,kebine,tʃekʰe,e,e,pos,1,,,
rhyme_00119,কোণের,মুস্তাফিজের,koner,must̪afidʒer,er,er,pos,1,,,
rhyme_00120,তোদের,ভ্যালেন্টাইনের,t̪od̪er,bʱælenʈainer,er,er,pos,1,,,
rhyme_00121,মিলার,শৌচাগার,milar,ʃou̯tʃagar,ar,ar,pos,1,,,
rhyme_00122,অবকাঠামোগত,দাহ,ɔbokaʈʰamogɔt̪o,d̪aho,o,o,pos,1,,,
rhyme_00123,প্রকাশ্য,বিস্তৃত,prokaʃʃo,bist̪rit̪o,o,o,pos,1,,,
rhyme_00124,পালনে,বিনিয়োগে,palone,binioge,e,e,pos,1,,,
rhyme_00125,রোধের,সিদ্ধান্তের,rod̪ʱer,ʃid̪d̪ʱant̪er,er,er,pos,1,,,
rhyme_00126,ওজনে,সুইডেনে,odʒɔne,sui̯ɖene,e,e,pos,1,,,
rhyme_00127,তালি,বিশটি,t̪ali,biʃʈi,i,i,pos,1,,,
rhyme_00128,বাঁশি,লগ্নি,baʃi,logni,i,i,pos,1,,,
rhyme_00129,নিরপেক্ষভাবে,ভুবনে,niropekkʰobʱabe,bʱubone,e,e,pos,1,,,
rhyme_00130,মোডে,শার্টে,moɖe,ʃarʈe,e,e,pos,1,,,
rhyme_00131,কৃতকার্য,স্থানান্তরিত,krit̪okardʒo,st̪ʰanant̪orit̪o,o,o,pos,1,,,
rhyme_00132,অপ্রকাশিত,কথাগুলো,ɔprokaʃit̪o,kɔt̪ʰagulo,o,o,pos,1,,,
rhyme_00133,কোয়ার্টার,ক্যাডার,koarʈar,kæɖar,ar,ar,pos,1,,,
rhyme_00134,দুইশ,সৃজিত,d̪ui̯ʃo,ʃridʒit̪o,o,o,pos,1,,,
rhyme_00135,টুইটারে,তুলতুলে,ʈui̯ʈare,t̪ult̪ule,e,e,pos,1,,,
rhyme_00136,একটানা,হাহাহা,ækʈana,hahaha,a,a,pos,1,,,
rhyme_00137,ইংরেজিতে,পিছে,iŋredʒit̪e,pitʃʰe,e,e,pos,1,,,
rhyme_00138,উৎসর্গ,বিশিষ্ট,ut̪ʃɔrgo,biʃiʃʈo,o,o,pos,1,,,
rhyme_00139,অক্ষুণ্ণ,ব্যথিত,ɔkkʰunno,bæt̪ʰit̪o,o,o,pos,1,,,
rhyme_00140,এসপি,ফ্যাসিবাদী,espi,fæsibad̪i,i,i,pos,1,,,
rhyme_00141,ছেপেছে,নিচ্ছে,tʃʰepetʃʰe,nitʃtʃʰe,e,e,pos,1,,,
rhyme_00142,ঠেকেছে,দফতরে,ʈʰeketʃʰe,d̪ɔft̪ore,e,e,pos,1,,,
rhyme_00143,গণ্ডারের,ধ্বসের,gonɖarer,d̪ʱɔʃer,er,er,pos,1,,,
rhyme_00144,আদনান,নর্দান,ad̪nan,nɔrd̪an,an,an,pos,1,,,
rhyme_00145,ঘুরছে,বর্ষে,gʱurtʃʰe,bɔrʃe,e,e,pos,1,,,
rhyme_00146,প্রসূত,মনও,proʃut̪o,mono,o,o,pos,1,,,
rhyme_00147,অনুপাতে,গ্যালারীতে,onupat̪e,gælarit̪e,e,e,pos,1,,,
rhyme_00148,আফ্রিকানদের,জিউসের,afrikand̪er,dʒiuser,er,er,pos,1,,,
rhyme_00149,মওলা,সীমা,mɔo̯la,ʃima,a,a,pos,1,,,
rhyme_00150,পরল,সূর্য,porlo,ʃurdʒo,o,o,pos,1,,,
rhyme_00151,জিয়া,মাইরা,dʒia,mai̯ra,a,a,pos,1,,,
rhyme_00152,দানবদের,সন্ধানের,d̪anobd̪er,ʃɔnd̪ʱaner,er,er,pos,1,,,
rhyme_00153,এগুলোকে,নাইরোবিতে,eguloke,nai̯robit̪e,e,e,pos,1,,,
rhyme_00154,গর্বে,যৌথভাবে,gɔrbe,dʒou̯t̪ʰobʱabe,e,e,pos,1,,,
rhyme_00155,সর্বসম্মতিক্রমে,সিস্টেমে,ʃɔrboʃɔmmot̪ikrome,sisʈeme,e,e,pos,1,,,
rhyme_00156,কমিশনার,নমস্কার,kɔmiʃonar,nɔmoʃkar,ar,ar,pos,1,,,
rhyme_00157,ক্ষমতাসম্পন্ন,পক্ষ,kʰɔmot̪aʃɔmpɔnno,pɔkkʰo,o,o,pos,1,,,
rhyme_00158,নিমজ্জিত,বুঝতেও,nimodʒdʒit̪o,budʒʱt̪eo,o,o,pos,1,,,
rhyme_00159,চৌধুরীর,বাচ্চাটির,tʃou̯d̪ʱurir,batʃtʃaʈir,ir,ir,pos,1,,,
rhyme_00160,বিমানবন্দরে,সার্কাসে,bimanbɔnd̪ɔre,sarkase,e,e,pos,1,,,
rhyme_00161,অনুভুতি,সুগন্ধী,onubʱut̪i,ʃugond̪ʱi,i,i,pos,1,,,
rhyme_00162,বেলকুচি,সভাপতি,belkutʃi,ʃɔbʱapot̪i,i,i,pos,1,,,
rhyme_00163,গীর্জা,শীলা,girdʒa,ʃila,a,a,pos,1,,,
rhyme_00164,খণ্ডের,স্বৈরাচারের,kʰɔnɖer,ʃoi̯ratʃarer,er,er,pos,1,,,
rhyme_00165,বাবাজি,বোমাটি,babadʒi,bomaʈi,i,i,pos,1,,,
rhyme_00166,উইকি,সীমান্তরক্ষী,u̯iki,ʃimant̪orokkʰi,i,i,pos,1,,,
rhyme_00167,দুর্দশা,সুবিধা,d̪urd̪ɔʃa,ʃubid̪ʱa,a,a,pos,1,,,
rhyme_00168,এখুনি,নাভি,ækʰuni,nabʱi,i,i,pos,1,,,
rhyme_00169,একদিনে,নেতৃত্বকে,ækd̪ine,net̪rit̪t̪oke,e,e,pos,1,,,
rhyme_00170,আত্মপক্ষ,বিনীত,at̪t̪opɔkkʰo,binit̪o,o,o,pos,1,,,
rhyme_00171,ঘোষণাকে,বঙ্গে,gʱoʃonake,bɔŋge,e,e,pos,1,,,
rhyme_00172,পরী,শতবার্ষিকী,pori,ʃɔt̪obarʃiki,i,i,pos,1,,,
rhyme_00173,কতটা,নিশানা,kɔt̪oʈa,niʃana,a,a,pos,1,,,
rhyme_00174,আবৃত,মৃত্যুও,abrit̪o,mrit̪t̪uo,o,o,pos,1,,,
rhyme_00175,শরীফের,হিজাবের,ʃorifer,hidʒaber,er,er,pos,1,,,
rhyme_00176,আর্থিকভাবে,প্রেক্ষাগৃহে,art̪ʰikbʱabe,prekkʰagrihe,e,e,pos,1,,,
rhyme_00177,কারণেও,ছিল,karoneo,tʃʰilo,o,o,pos,1,,,
rhyme_00178,মোস্তফা,সাংবাদিকতা,most̪ofa,ʃaŋbad̪ikɔt̪a,a,a,pos,1,,,
rhyme_00179,প্রতিবাদী,মানহানি,prot̪ibad̪i,manhani,i,i,pos,1,,,
rhyme_00180,কাটেনি,মুষ্টি,kaʈeni,muʃʈi,i,i,pos,1,,,
rhyme_00181,পৌছাতে,শহরাঞ্চলে,pou̯tʃʰat̪e,ʃɔhorantʃɔle,e,e,pos,1,,,
rhyme_00182,জাবের,প্রতিনিধিত্বের,dʒaber,prot̪inid̪ʱit̪t̪er,er,er,pos,1,,,
rhyme_00183,কারাদণ্ডের,বর্তমানের,karad̪ɔnɖer,bɔrt̪omaner,er,er,pos,1,,,
rhyme_00184,উচ্চশিক্ষিত,একটিও,utʃtʃoʃikkʰit̪o,ekʈio,o,o,pos,1,,,
rhyme_00185,মুখে,হারাবে,mukʰe,harabe,e,e,pos,1,,,
rhyme_00186,কারিগরী,হুমকী,karigori,humki,i,i,pos,1,,,
rhyme_00187,পৌছতে,বিফলে,pou̯tʃʰɔt̪e,bifɔle,e,e,pos,1,,,
rhyme_00188,বসের,হান্নানের,bɔser,hannaner,er,er,pos,1,,,
rhyme_00189,দৃষ্টিতে,বিজেপিকে,d̪riʃʈit̪e,bidʒepike,e,e,pos,1,,,
rhyme_00190,ছুড়ে,পরিমানে,tʃʰure,porimane,e,e,pos,1,,,
rhyme_00191,তালিকাভূক্ত,ধন্য,t̪alikabʱukt̪o,d̪ʱonno,o,o,pos,1,,,
rhyme_00192,আদমের,গুগলের,ad̪omer,gugoler,er,er,pos,1,,,
rhyme_00193,টঙ্গী,সরি,ʈoŋgi,sɔri,i,i,pos,1,,,
rhyme_00194,এগুলোও,এগ্রো,eguloo,ægro,o,o,pos,1,,,
rhyme_00195,রিজভীর,হত্যাকারীর,ridʒbʱir,hot̪t̪akarir,ir,ir,pos,1,,,
rhyme_00196,দেখাবে,বাঁচতে,d̪ekʰabe,batʃt̪e,e,e,pos,1,,,
rhyme_00197,প্রকোষ্ঠে,রানে,prokoʃʈʰe,rane,e,e,pos,1,,,
rhyme_00198,পদ্ধতিতে,ল্যাপটপে,pɔd̪d̪ʱot̪it̪e,læpʈope,e,e,pos,1,,,
rhyme_00199,এদিকে,বলে,ed̪ike,bɔle,e,e,pos,1,,,
rhyme_00200,আব্দুর,ছাত্রশিবির,abd̪ur,tʃʰat̪roʃibir,ur,ir,hard,0,,,
rhyme_00201,বানানোর,ভূপৃষ্ঠের,bananor,bʱupriʃʈʰer,or,er,hard,0,,,
rhyme_00202,নিষ্পত্তির,পৌরসভার,niʃpot̪t̪ir,poo̯roʃɔbʱar,ir,ar,hard,0,,,
rhyme_00203,মুরসির,সুশাসনের,murʃir,ʃuʃaʃoner,ir,er,hard,0,,,
rhyme_00204,আলাস্কার,পরমাণুর,alaskar,pɔromanur,ar,ur,hard,0,,,
rhyme_00205,রোববার,সেঞ্চুরির,robbar,sentʃurir,ar,ir,hard,0,,,
rhyme_00206,ওসমানের,রংধনুর,osmaner,rɔŋd̪ʱonur,er,ur,hard,0,,,
rhyme_00207,অপকর্মের,মিলিটারির,ɔpokɔrmer,miliʈarir,er,ir,hard,0,,,
rhyme_00208,উচ্চতর,কুইন্সল্যান্ডের,utʃtʃot̪ɔro,kuinslænɖer,o,er,hard,0,,,
rhyme_00209,কাতর,প্রতিবার,kat̪or,prot̪ibar,or,ar,hard,0,,,
rhyme_00210,কিলোমিটারের,বছর,kilomiʈarer,bɔtʃʰor,er,or,hard,0,,,
rhyme_00211,উপহারের,প্রতিযোগীতার,upoharer,prot̪idʒogit̪ar,er,ar,hard,0,,,
rhyme_00212,গৃহযুদ্ধের,যতবার,grihodʒud̪d̪ʱer,dʒɔt̪obar,er,ar,hard,0,,,
rhyme_00213,ইহুদীদের,এবছর,ihud̪id̪er,ebɔtʃʰor,er,or,hard,0,,,
rhyme_00214,পূর্তির,মিডফিল্ডার,purt̪ir,miɖfilɖar,ir,ar,hard,0,,,
rhyme_00215,অসুখের,আঁধার,ɔʃukʰer,ad̪ʱar,er,ar,hard,0,,,
rhyme_00216,নাসরিনের,বিহার,nasriner,bihar,er,ar,hard,0,,,
rhyme_00217,কার্টুন,মানুষজন,karʈun,manuʃdʒɔn,un,ɔn,hard,0,,,
rhyme_00218,চমত্কার,ভাষান্তর,tʃɔmot̪kar,bʱaʃant̪ɔr,ar,ɔr,hard,0,,,
rhyme_00219,জানমালের,জাহাঙ্গীরনগর,dʒanmaler,dʒahaŋgirnɔgor,er,or,hard,0,,,
rhyme_00220,রামপুর,রাষ্ট্রদূতের,rampur,rasʈrod̪ut̪er,ur,er,hard,0,,,
rhyme_00221,টানেলের,সাভার,ʈaneler,sabʱar,er,ar,hard,0,,,
rhyme_00222,ছাত্রের,ডিনার,tʃʰat̪rer,ɖinar,er,ar,hard,0,,,
rhyme_00223,পলির,বিধ্বস্তের,pɔlir,bid̪d̪ʱɔst̪er,ir,er,hard,0,,,
rhyme_00224,ইহার,শফিকুর,ihar,ʃofikur,ar,ur,hard,0,,,
rhyme_00225,বিটিভির,সূর্যের,biʈibʱir,ʃurdʒer,ir,er,hard,0,,,
rhyme_00226,বৃদ্ধার,সবধরনের,brid̪d̪ʱar,ʃɔbd̪ʱɔroner,ar,er,hard,0,,,
rhyme_00227,সমেত,সুমিত,ʃɔmet̪,ʃumit̪,et̪,it̪,hard,0,,,
rhyme_00228,পক্ষের,শরীর,pɔkkʰer,ʃorir,er,ir,hard,0,,,
rhyme_00229,এখনকার,গুরুত্বের,ækʰonkar,gurut̪t̪er,ar,er,hard,0,,,
rhyme_00230,উদযাপনের,মুস্তাফার,ud̪dʒaponer,must̪afar,er,ar,hard,0,,,
rhyme_00231,চিন্তাভাবনার,ঢাবির,tʃint̪abʱabnar,ɖʱabir,ar,ir,hard,0,,,
rhyme_00232,ড্রামার,পরিবারগুলোর,ɖramar,poribargulor,ar,or,hard,0,,,
rhyme_00233,ক্লাসিক,হাস্যরসাত্মক,klasik,haʃʃorɔʃat̪t̪ok,ik,ok,hard,0,,,
rhyme_00234,রসুলপুর,সীমার,rosulpur,ʃimar,ur,ar,hard,0,,,
rhyme_00235,গ্রেফতার,রবিবারের,greft̪ar,robibarer,ar,er,hard,0,,,
rhyme_00236,ঘানার,লজ্জাকর,gʱanar,lɔdʒdʒakɔr,ar,ɔr,hard,0,,,
rhyme_00237,ফুটবলারদের,বিধবার,fuʈbɔlard̪er,bid̪ʱobar,er,ar,hard,0,,,
rhyme_00238,নার্সের,প্রতিবার,narser,prot̪ibar,er,ar,hard,0,,,
rhyme_00239,ক্লিনিকের,জোহর,kliniker,dʒohor,er,or,hard,0,,,
rhyme_00240,এনজাইম,করছিলাম,ændʒaim,kortʃʰilam,im,am,hard,0,,,
rhyme_00241,দানের,ধারার,d̪aner,d̪ʱarar,er,ar,hard,0,,,
rhyme_00242,চাকুরীর,শাসনকালের,tʃakurir,ʃaʃonkaler,ir,er,hard,0,,,
rhyme_00243,ডিসির,পৌঁছার,ɖisir,pou̯tʃʰar,ir,ar,hard,0,,,
rhyme_00244,মণ্ডল,রিয়েল,mɔnɖol,riel,ol,el,hard,0,,,
rhyme_00245,ক্যামেরার,ফরাসিদের,kæmerar,fɔraʃid̪er,ar,er,hard,0,,,
rhyme_00246,উম্মুল,নির্ভরশীল,ummul,nirbʱɔrʃil,ul,il,hard,0,,,
rhyme_00247,শৌচাগার,সিএনএনের,ʃou̯tʃagar,sienener,ar,er,hard,0,,,
rhyme_00248,কালোর,পিএসজির,kalor,piesdʒir,or,ir,hard,0,,,
rhyme_00249,সারপ্রাইজ,হাফেজ,sarprai̯dʒ,hafedʒ,ai̯dʒ,edʒ,hard,0,,,
rhyme_00250,ঠোঁটের,উল্টো,ʈʰoʈer,ulʈo,er,o,easy,0,,,
rhyme_00251,ভাববে,পাজল,bʱabbe,padʒɔl,e,ɔl,easy,0,,,
rhyme_00252,নিজেকেই,মিনারে,nidʒekei̯,minare,ei̯,e,easy,0,,,
rhyme_00253,সেঞ্চুরির,ঝুলন্ত,sentʃurir,dʒʱulɔnt̪o,ir,o,easy,0,,,
rhyme_00254,ধর্ষণের,ট্রিবিউন,d̪ʱɔrʃoner,ʈribiun,er,un,easy,0,,,
rhyme_00255,সুবিধা,অশুভ,ʃubid̪ʱa,ɔʃubʱo,a,o,easy,0,,,
rhyme_00256,পোনা,ভিকটিম,pona,bʱikʈim,a,im,easy,0,,,
rhyme_00257,সংবাদদাতা,পুরস্কৃত,ʃɔŋbad̪d̪at̪a,puroʃkrit̪o,a,o,easy,0,,,
rhyme_00258,কুমারের,পুরনো,kumarer,purono,er,o,easy,0,,,
rhyme_00259,লিগ্যাল,দুইশ,ligæl,d̪ui̯ʃo,æl,o,easy,0,,,
rhyme_00260,একহাত,ত্রিশের,ækhat̪,t̪riʃer,at̪,er,easy,0,,,
rhyme_00261,নিম্নের,নিন্দা,nimner,nind̪a,er,a,easy,0,,,
rhyme_00262,অবিশ্বাসী,পদার্থবিদ,ɔbiʃʃaʃi,pɔd̪art̪ʰɔbid̪,i,id̪,easy,0,,,
rhyme_00263,পেশীর,লাঘব,peʃir,lagʱɔb,ir,ɔb,easy,0,,,
rhyme_00264,বাসস্থানের,গোছানো,baʃst̪ʰaner,gotʃʰano,er,o,easy,0,,,
rhyme_00265,চলবেন,আলফ্রেড,tʃolben,alfreɖ,en,eɖ,easy,0,,,
rhyme_00266,এনজিওর,লোডশেডিং,endʒior,loɖʃeɖiŋ,or,iŋ,easy,0,,,
rhyme_00267,সিঁদুর,যুব,ʃid̪ur,dʒubo,ur,o,easy,0,,,
rhyme_00268,স্পিনিং,জিততে,spiniŋ,dʒit̪t̪e,iŋ,e,easy,0,,,
rhyme_00269,বর্গা,ঘটলেও,bɔrga,gʱoʈleo̯,a,eo̯,easy,0,,,
rhyme_00270,রটনা,আবৃতি,rɔʈona,abrit̪i,a,i,easy,0,,,
rhyme_00271,সার্ভিসকে,গোলাপের,sarbʱiske,golaper,e,er,easy,0,,,
rhyme_00272,গ্যাস্ট্রিক,জার্ভিস,gæsʈrik,dʒarbʱiʃ,ik,iʃ,easy,0,,,
rhyme_00273,স্ট্যান্ডের,টপিক,sʈænɖer,ʈɔpik,er,ik,easy,0,,,
rhyme_00274,অন্তর্ধান,তারপরে,ɔnt̪ord̪ʱan,t̪arpɔre,an,e,easy,0,,,
rhyme_00275,ভূষণ,এলটন,bʱuʃon,elʈɔn,on,ɔn,easy,0,,,
rhyme_00276,হত্যাচেষ্টা,মৌলবাদী,hot̪t̪atʃeʃʈa,mou̯lobad̪i,a,i,easy,0,,,
rhyme_00277,ডিসেম্বর,সংযোগস্থল,ɖisembɔr,ʃɔŋdʒogst̪ʰɔl,ɔr,ɔl,easy,0,,,
rhyme_00278,চারজনই,সিজনে,tʃardʒɔni,sidʒone,i,e,easy,0,,,
rhyme_00279,কোচিন,সুদের,kotʃin,ʃud̪er,in,er,easy,0,,,
rhyme_00280,ততো,সাথীর,t̪ɔt̪o,ʃat̪ʰir,o,ir,easy,0,,,
rhyme_00281,প্রকাশন,সংস্কৃত,prokaʃɔn,sɔŋskrit̪o,ɔn,o,easy,0,,,
rhyme_00282,মৃধা,দলে,mrid̪ʱa,d̪ɔle,a,e,easy,0,,,
rhyme_00283,লিজেন্ড,ক্ষেত্রে,lidʒenɖ,kʰet̪re,enɖ,e,easy,0,,,
rhyme_00284,মস্কোর,রন,mɔskor,rɔno,or,o,easy,0,,,
rhyme_00285,সংখ্যক,তাসের,ʃɔŋkʰɔk,t̪aʃer,ɔk,er,easy,0,,,
rhyme_00286,আক্রমণাত্মক,বিষয়শ্রেণীতে,akromonat̪t̪ɔk,biʃɔe̯srenit̪e,ɔk,e,easy,0,,,
rhyme_00287,ভিক্ষু,বাঁধা,bʱikkʰu,bad̪ʱa,u,a,easy,0,,,
rhyme_00288,মেধা,নাজি,med̪ʱa,nadʒi,a,i,easy,0,,,
rhyme_00289,মজলিশ,তত,modʒliʃ,t̪ot̪o,iʃ,o,easy,0,,,
rhyme_00290,সৈয়দ,আইজি,soi̯od̪,ai̯dʒi,od̪,i,easy,0,,,
rhyme_00291,দলিলে,তাহমিনা,d̪olile,t̪ahmina,e,a,easy,0,,,
rhyme_00292,মসজিদ,কোরা,moʃdʒid̪,kora,id̪,a,easy,0,,,
rhyme_00293,বিষয়ের,পিটার্সবার্গ,biʃoer,piʈarsbarg,er,arg,easy,0,,,
rhyme_00294,ওয়েল,নিউরো,oel,niu̯ro,el,o,easy,0,,,
rhyme_00295,জীবনভর,প্রশস্ত,dʒibonbʱɔr,proʃɔst̪o,ɔr,o,easy,0,,,
rhyme_00296,খলিল,কাতর,kʰolil,kat̪or,il,or,easy,0,,,
rhyme_00297,সেরা,শিমের,ʃera,ʃimer,a,er,easy,0,,,
rhyme_00298,জনশ্রুতি,মারাদোনা,dʒɔnosrut̪i,marad̪ona,i,a,easy,0,,,
rhyme_00299,বাৎসরিক,ভগ্নাংশ,bat̪ʃorik,bʱɔgnaŋʃo,ik,o,easy,0,,,
rhyme_00300,দলটি,জামাল,d̪ɔlʈi,dʒamal,i,al,easy,0,,,
rhyme_00301,পাঞ্জাব,গ্রুপে,pandʒab,grupe,ab,e,easy,0,,,
rhyme_00302,হেতু,কান্ডের,het̪u,kanɖer,u,er,easy,0,,,
rhyme_00303,শিক্ষা,ব্রাসেলস,ʃikkʰa,brasels,a,els,easy,0,,,
rhyme_00304,নিজেরাই,এসেছ,nidʒerai̯,eʃetʃʰo,ai̯,o,easy,0,,,
rhyme_00305,সোডিয়াম,লাঞ্ছনা,soɖiam,lantʃʰona,am,a,easy,0,,,
rhyme_00306,কোরান,প্রাপ্তি,koran,prapt̪i,an,i,easy,0,,,
rhyme_00307,ধর্ষকের,ওদিকে,d̪ʱɔrʃoker,od̪ike,er,e,easy,0,,,
rhyme_00308,অপার,রক্ষণ,ɔpar,rɔkkʰon,ar,on,easy,0,,,
rhyme_00309,ওঠেনি,উৎসাহ,oʈʰeni,ut̪ʃaho,i,o,easy,0,,,
rhyme_00310,নীতিকে,গতিপথ,nit̪ike,got̪ipɔt̪ʰ,e,ɔt̪ʰ,easy,0,,,
rhyme_00311,আহসান,কেসে,ahsan,kese,an,e,easy,0,,,
rhyme_00312,রবার্টের,সবকিছু,rɔbarʈer,ʃɔbkitʃʰu,er,u,easy,0,,,
rhyme_00313,আমিষ,লুপ্ত,amiʃ,lupt̪o,iʃ,o,easy,0,,,
rhyme_00314,গুলশান,বিনে,gulʃan,bine,an,e,easy,0,,,
rhyme_00315,সার্ভিসে,একমাত্র,sarbʱise,ækmat̪ro,e,o,easy,0,,,
rhyme_00316,সংবাদটি,অসহ্য,ʃɔŋbad̪ʈi,ɔʃodʒdʒʱo,i,o,easy,0,,,
rhyme_00317,দিল্লিতে,কিনেছি,d̪illit̪e,kinetʃʰi,e,i,easy,0,,,
rhyme_00318,রঙিন,এরা,roŋin,era,in,a,easy,0,,,
rhyme_00319,এনিমেশন,রীতিনীতি,enimeʃɔn,rit̪init̪i,ɔn,i,easy,0,,,
rhyme_00320,খুলেন,হাতি,kʰulen,hat̪i,en,i,easy,0,,,
rhyme_00321,আপে,হ্যাপী,ape,hæpi,e,i,easy,0,,,
rhyme_00322,মিথিলার,প্রোগ্রামটি,mit̪ʰilar,programʈi,ar,i,easy,0,,,
rhyme_00323,ভূটান,স্পষ্ট,bʱuʈan,spɔsʈo,an,o,easy,0,,,
rhyme_00324,পারছেন,কন্ঠ,partʃʰen,kɔnʈʰo,en,o,easy,0,,,
rhyme_00325,এগুলোকে,বিশ্বখ্যাত,eguloke,biʃʃokʰæt̪o,e,o,easy,0,,,
rhyme_00326,বাবরি,স্বপক্ষে,babori,ʃɔpokkʰe,i,e,easy,0,,,
rhyme_00327,বিষধর,কোলকাতায়,biʃod̪ʱɔr,kolkat̪ae̯,ɔr,ae̯,easy,0,,,
rhyme_00328,গ্রেপ্তারে,খারাপের,grept̪are,kʰaraper,e,er,easy,0,,,
rhyme_00329,অভিন্ন,প্রমিলা,ɔbʱinno,promila,o,a,easy,0,,,
rhyme_00330,বানানের,এডভোকেট,bananer,æɖbʱokeʈ,er,eʈ,easy,0,,,
rhyme_00331,অপরাজিতা,দূরীকরণের,ɔpɔradʒit̪a,d̪urikɔroner,a,er,easy,0,,,
rhyme_00332,সংযোগস্থলে,আইনজীবীর,ʃɔŋdʒogst̪ʰɔle,aindʒibir,e,ir,easy,0,,,
rhyme_00333,পারদ,টমাস,parod̪,ʈɔmas,od̪,as,easy,0,,,
rhyme_00334,শৈশবে,তারুণ্যের,ʃoi̯ʃɔbe,t̪arunner,e,er,easy,0,,,
rhyme_00335,বিদ্যার্থী,ঘটাল,bid̪d̪art̪ʰi,gʱɔʈalo,i,o,easy,0,,,
rhyme_00336,ওঝা,ফেলো,odʒʱa,felo,a,o,easy,0,,,
rhyme_00337,চৈনিক,কক্ষে,tʃoi̯nik,kɔkkʰe,ik,e,easy,0,,,
rhyme_00338,সূচকে,ধর্ষনের,ʃutʃoke,d̪ʱɔrʃoner,e,er,easy,0,,,
rhyme_00339,অনলাইন,সিডনি,ɔnlai̯n,siɖni,ai̯n,i,easy,0,,,
rhyme_00340,একতারা,এগুলো,ækt̪ara,egulo,a,o,easy,0,,,
rhyme_00341,স্থানান্তর,রেডিও,st̪ʰanant̪ɔr,reɖio,ɔr,o,easy,0,,,
rhyme_00342,মুস্তাফিজের,মুখ্যমন্ত্রী,must̪afidʒer,mukkʰomont̪ri,er,i,easy,0,,,
rhyme_00343,স্পীকার,নিইনি,spikar,nii̯ni,ar,i,easy,0,,,
rhyme_00344,শেষমেষ,পুকুর,ʃeʃmeʃ,pukur,eʃ,ur,easy,0,,,
rhyme_00345,খরচা,চুলার,kʰɔrtʃa,tʃular,a,ar,easy,0,,,
rhyme_00346,একটিই,জৈন,ekʈii̯,dʒoi̯no,ii̯,o,easy,0,,,
rhyme_00347,অতীব,পাঁচজনের,ot̪ibo,patʃdʒoner,o,er,easy,0,,,
rhyme_00348,এজিএম,নূরানী,edʒiem,nurani,em,i,easy,0,,,
rhyme_00349,জিনিসই,মেরামত,dʒiniʃi,meramɔt̪,i,ɔt̪,easy,0,,,
rhyme_00350,দিনেও,ধারনের,d̪ineo,d̪ʱaroner,o,er,easy,0,,,
rhyme_00351,দোতলা,সুইজারল্যান্ড,d̪ot̪ɔla,sui̯dʒarlænɖ,a,ænɖ,easy,0,,,
rhyme_00352,ওমর,মিল্টন,omor,milʈɔn,or,ɔn,easy,0,,,
rhyme_00353,বিতর্কিত,ইতিহাসে,bit̪orkit̪o,it̪ihaʃe,o,e,easy,0,,,
rhyme_00354,আচেহ,যাকাত,atʃeh,dʒakat̪,eh,at̪,easy,0,,,
rhyme_00355,মিলিয়নের,অভিধানে,milioner,ɔbʱid̪ʱane,er,e,easy,0,,,
rhyme_00356,ফ্লেভার,মরগান,flebʱar,mɔrgan,ar,an,easy,0,,,
rhyme_00357,বলপূর্বক,সমাধান,bɔlpurbok,sɔmad̪ʱan,ok,an,easy,0,,,
rhyme_00358,এডিপি,শেখাতে,eɖipi,ʃekʰat̪e,i,e,easy,0,,,
rhyme_00359,গেমে,এরিক,geme,erik,e,ik,easy,0,,,
rhyme_00360,শিক্ষামূলক,জমাকৃত,ʃikkʰamulok,dʒɔmakrit̪o,ok,o,easy,0,,,
rhyme_00361,দক্ষিণ-পূর্ব,রবীন্দ্রনাথ,d̪okkʰinpurbo,robind̪ronat̪ʰ,o,at̪ʰ,easy,0,,,
rhyme_00362,দুদক,দোলন,d̪ud̪ɔk,d̪olon,ɔk,on,easy,0,,,
rhyme_00363,খাতিরে,বিস্তীর্ণ,kʰat̪ire,bist̪irno,e,o,easy,0,,,
rhyme_00364,জ্ঞানে,প্রাণি,gæne,prani,e,i,easy,0,,,
rhyme_00365,ঘেন্না,ধ্রুবক,gʱenna,d̪ʱrubɔk,a,ɔk,easy,0,,,
rhyme_00366,বইতে,দর্পণ,boi̯t̪e,d̪ɔrpon,e,on,easy,0,,,
rhyme_00367,মনিটরে,কর্মসূচির,moniʈɔre,kɔrmoʃutʃir,e,ir,easy,0,,,
rhyme_00368,হানবে,ইয়র্কের,hanbe,i̯orker,e,er,easy,0,,,
rhyme_00369,নাটকের,চুলগুলো,naʈoker,tʃulgulo,er,o,easy,0,,,
rhyme_00370,পাওলো,মানত,pao̯lo,manot̪,o,ot̪,easy,0,,,
rhyme_00371,তাগাদা,অভীষ্ট,t̪agad̪a,ɔbʱiʃʈo,a,o,easy,0,,,
rhyme_00372,বৃষ্টিকে,জ্বালানোর,briʃʈike,dʒalanor,e,or,easy,0,,,
rhyme_00373,টেকা,একেক,ʈeka,ækek,a,ek,easy,0,,,
rhyme_00374,চক্রটি,বংশধর,tʃɔkroʈi,bɔŋʃod̪ʱɔr,i,ɔr,easy,0,,,
rhyme_00375,ধান্দা,টিউশন,d̪ʱand̪a,ʈiu̯ʃon,a,on,easy,0,,,
rhyme_00376,হুমকি,নাজির,humki,nadʒir,i,ir,easy,0,,,
rhyme_00377,রেসপন্স,আলীর,respɔns,alir,ɔns,ir,easy,0,,,
rhyme_00378,হেফাজত,কর্মীকে,hefadʒɔt̪,kormike,ɔt̪,e,easy,0,,,
rhyme_00379,অদ্ভূত,হেনরির,ɔd̪bʱut̪,henrir,ut̪,ir,easy,0,,,
rhyme_00380,মতে,লাগেজ,mɔt̪e,lagedʒ,e,edʒ,easy,0,,,
rhyme_00381,সাত্তারের,করিনা,sat̪t̪arer,korina,er,a,easy,0,,,
rhyme_00382,ডাবিং,পতন,ɖabiŋ,pɔt̪on,iŋ,on,easy,0,,,
rhyme_00383,প্রমাণে,পাদুকা,promane,pad̪uka,e,a,easy,0,,,
rhyme_00384,সাঁতারের,নিউজকে,ʃat̪arer,niudʒke,er,e,easy,0,,,
rhyme_00385,পঁচা,ইয়র্কে,pɔtʃa,i̯orke,a,e,easy,0,,,
rhyme_00386,রেসের,মামু,reser,mamu,er,u,easy,0,,,
rhyme_00387,দোষারোপ,ফটকে,d̪oʃarop,fɔʈoke,op,e,easy,0,,,
rhyme_00388,ট্রাজেডি,পেরেছেন,ʈradʒeɖi,peretʃʰen,i,en,easy,0,,,
rhyme_00389,অর্ডার,সমাজ,ɔrɖar,sɔmadʒ,ar,adʒ,easy,0,,,
rhyme_00390,টিমকে,ভ্রষ্ট,ʈimke,bʱrɔʃʈo,e,o,easy,0,,,
rhyme_00391,প্রোডাক্ট,আগ্রা,proɖakʈ,agra,akʈ,a,easy,0,,,
rhyme_00392,ফেরে,তান্ডব,fere,t̪anɖob,e,ob,easy,0,,,
rhyme_00393,চালুর,ডিসপ্লে,tʃalur,ɖisple,ur,e,easy,0,,,
rhyme_00394,প্যাডেল,চলেন,pæɖel,tʃɔlen,el,en,easy,0,,,
rhyme_00395,আরেকটা,সমর্থক,arekʈa,ʃɔmort̪ʰok,a,ok,easy,0,,,
rhyme_00396,পুরোটাই,অগ্রসর,puroʈai̯,ɔgroʃɔr,ai̯,ɔr,easy,0,,,
rhyme_00397,পিলার,হাসিব,pilar,hasib,ar,ib,easy,0,,,
rhyme_00398,ক্রেতাকে,শ্রমিকের,kret̪ake,sromiker,e,er,easy,0,,,
rhyme_00399,বানাচ্ছেন,আলামত,banatʃtʃʰen,alamɔt̪,en,ɔt̪,easy,0,,,
