না	n a	7.01
করে	k ɔ . r e	7.00
এবং	e . b o ŋ	6.99
ও	o	6.95
এই	ei̯	6.90
থেকে	t̪ʰ e . k e	6.85
আর	a r	6.79
জন্য	dʒ o n . n o	6.77
তার	t̪ a r	6.77
হয়	h ɔe̯	6.77
করা	k ɔ . r a	6.74
এর	e r	6.73
একটি	e k . ʈ i	6.68
যে	dʒ e	6.67
আমি	a . m i	6.66
করতে	k o r . t̪ e	6.65
হবে	h ɔ . b e	6.61
এ	e	6.58
নিয়ে	n i . e	6.58
সাথে	s a . t̪ʰ e	6.58
আমার	a . m a r	6.57
কি	k i	6.55
তিনি	t̪ i . n i	6.55
এক	æ k	6.54
হয়েছে	h o . e . tʃʰ e	6.52
কিছু	k i . tʃʰ u	6.47
আমাদের	a . m a . d̪ e r	6.46
হয়ে	h o . e	6.46
কোন	k o n	6.45
ছিল	tʃʰ i . l o	6.45
আমরা	a m . r a	6.43
কিন্তু	k i n . t̪ u	6.42
তাদের	t̪ a . d̪ e r	6.40
মধ্যে	m o d̪ . d̪ʱ e	6.40
কথা	k ɔ . t̪ʰ a	6.39
তারা	t̪ a . r a	6.37
যায়	dʒ ae̯	6.37
অনেক	ɔ . n e k	6.36
যা	dʒ a	6.35
সময়	s ɔ . m ɔe̯	6.35
সে	ʃ e	6.35
হচ্ছে	h o tʃ . tʃʰ e	6.35
একটা	æ k . ʈ a	6.34
করেন	k ɔ . r e n	6.34
দিয়ে	d̪ i . e	6.34
করার	k ɔ . r a r	6.32
বা	b a	6.32
আছে	a . tʃʰ e	6.31
পর	p ɔ r	6.28
সব	ʃ ɔ b	6.28
একজন	æ k . dʒ o n	6.27
মনে	m o . n e	6.27
এখন	æ . kʰ o n	6.26
নয়	n ɔe̯	6.26
পারে	p a . r e	6.25
নেই	n ei̯	6.24
শুরু	ʃ u . r u	6.24
কাজ	k a dʒ	6.23
আপনার	a p . n a r	6.22
কাছে	k a . tʃʰ e	6.22
বলে	b ɔ . l e	6.22
যদি	dʒ o . d̪ i	6.21
তা	t̪ a	6.19
বছর	b ɔ . tʃʰ o r	6.19
হতে	h o . t̪ e	6.19
এটা	e . ʈ a	6.18
সেই	s ei̯	6.18
তাকে	t̪ a . k e	6.17
রয়েছে	r o . e . tʃʰ e	6.17
আপনি	a p . n i	6.16
হিসেবে	h i . ʃ e . b e	6.16
করেছে	k o . r e . tʃʰ e	6.15
তবে	t̪ ɔ . b e	6.15
নতুন	n o . t̪ u n	6.15
আগে	a . g e	6.14
ভালো	bʱ a . l o	6.14
প্রথম	p r o . t̪ʰ o m	6.13
যখন	dʒ ɔ . kʰ o n	6.12
করেছেন	k o . r e . tʃʰ e n	6.11
নাম	n a m	6.10
এমন	e . m o n	6.09
কে	k e	6.09
তাই	t̪ ai̯	6.09
তো	t̪ o	6.09
দিন	d̪ i n	6.09
দেখা	d̪ æ . kʰ a	6.09
বাংলাদেশ	b a ŋ . l a . d̪ e ʃ	6.09
কেউ	k eu̯	6.08
গেছে	g e . tʃʰ e	6.08
থাকে	t̪ʰ a . k e	6.08
বেশি	b e . ʃ i	6.07
কেন	k e . n o	6.06
জাতীয়	dʒ a . t̪ i . o	6.06
বিভিন্ন	b i . bʱ i n . n o	6.06
শেষ	ʃ e ʃ	6.06
মানুষ	m a . n u ʃ	6.05
পর্যন্ত	p o r . dʒ o n . t̪ o	6.04
খুব	kʰ u b	6.03
টাকা	ʈ a . k a	6.03
তুমি	t̪ u . m i	6.03
জন	dʒ o n	6.02
দিতে	d̪ i . t̪ e	6.02
দিকে	d̪ i . k e	6.01
দুই	d̪ ui̯	6.01
সরকার	s ɔ r . k a r	6.01
আজ	a dʒ	6.00
করছে	k o r . tʃʰ e	6.00
করবে	k o r . b e	6.00
করি	k o . r i	6.00
মতো	m ɔ . t̪ o	6.00
যাবে	dʒ a . b e	6.00
এখানে	e . kʰ a n . e	5.99
পরে	p ɔ . r e	5.99
মাধ্যমে	m a d̪ . d̪ʱ o . m e	5.99
উপর	u . p o r	5.98
আবার	a . b a r	5.97
ব্যবহার	b æ . b o . h a r	5.97
মত	m ɔ t̪	5.97
প্রতি	p r o . t̪ i	5.96
হল	h ɔ l	5.96
কারণ	k a . r o n	5.95
তখন	t̪ ɔ . kʰ o n	5.95
তোমার	t̪ o . m a r	5.95
দেশের	d̪ e . ʃ e r	5.95
ধরে	d̪ʱ ɔ . r e	5.95
প্রায়	p r ae̯	5.95
কোনো	k o . n o	5.94
নিজের	n i . dʒ e r	5.94
বিরুদ্ধে	b i . r u d̪ . d̪ʱ e	5.94
সঙ্গে	ʃ ɔ ŋ . g e	5.94
তাঁর	t̪ a r	5.93
বন্ধ	b ɔ n . d̪ʱ o	5.93
শুধু	ʃ u . d̪ʱ u	5.93
জীবন	dʒ i . b o n	5.92
তাহলে	t̪ a . h o . l e	5.92
পুলিশ	p u . l i ʃ	5.92
প্রধান	p r o . d̪ʱ a n	5.92
হলো	h o . l o	5.92
কারণে	k a . r o . n e	5.91
তৈরি	t̪ oi̯ . r i	5.91
বাংলাদেশের	b a ŋ . l a . d̪ e . ʃ e r	5.91
মা	m a	5.91
আরো	a . r o	5.90
যাচ্ছে	dʒ a tʃ . tʃʰ e	5.90
আরও	a r . o	5.89
যার	dʒ a r	5.89
চাই	tʃ ai̯	5.88
দেয়	d̪ æe̯	5.88
পাওয়া	p ao̯ . a	5.88
যারা	dʒ a . r a	5.88
সালে	ʃ a . l e	5.88
হলে	h ɔ . l e	5.88
অংশ	o ŋ . ʃ ɔ	5.87
চলে	tʃ ɔ . l e	5.87
ছিলেন	tʃʰ i . l e n	5.87
দেখতে	d̪ e kʰ . t̪ e	5.87
বলা	b ɔ . l a	5.87
সালের	ʃ a . l e r	5.87
মানুষের	m a . n u . ʃ e r	5.86
সবচেয়ে	ʃ ɔ b . tʃ e . e	5.86
সবাই	ʃ ɔ . b ai̯	5.86
আমাকে	a . m a . k e	5.85
দল	d̪ ɔ l	5.85
সেখানে	ʃ e . kʰ a . n e	5.85
করুন	k o . r u n	5.84
গত	g ɔ . t̪ o	5.84
ঠিক	ʈʰ i k	5.84
দলের	d̪ o . l e r	5.84
প্রকাশ	p r o . k a ʃ	5.84
হাজার	h a . dʒ a r	5.84
অন্য	o n . n o	5.83
ঢাকা	ɖʱ a . k a	5.83
বিশেষ	b i . ʃ e ʃ	5.83
বেশ	b e ʃ	5.83
যেন	dʒ æ . n o	5.83
হয়েছিল	h o . e . tʃʰ i . l o	5.83
অনুষ্ঠিত	o . n u s . ʈʰ i . t̪ o	5.82
দেখে	d̪ e . kʰ e	5.82
সকল	ʃ ɔ . k o l	5.82
ছবি	tʃʰ o . b i	5.81
দেওয়া	d̪ eo̯ . a	5.81
নামে	n a . m e	5.81
একই	e k . i	5.80
ফলে	f ɔ . l e	5.80
ভাল	bʱ a . l o	5.80
যেতে	dʒ e . t̪ e	5.80
র	r ɔ	5.80
চেষ্টা	tʃ e ʃ . ʈ a	5.79
নারী	n a . r i	5.79
নির্বাচন	n i r . b a . tʃ o n	5.79
বছরের	b ɔ . tʃʰ o . r e r	5.79
শিক্ষা	ʃ i k . kʰ a	5.79
আন্তর্জাতিক	a n . t̪ o r . dʒ a . t̪ i k	5.78
সরকারের	ʃ ɔ r . k a . r e r	5.78
সামনে	ʃ a m . n e	5.78
আল	a l	5.77
কী	k i	5.77
মাঝে	m a . dʒʱ e	5.77
সাধারণ	s a . d̪ʱ a . r o n	5.77
হওয়ার	h ɔu̯ . a r	5.77
ছোট	tʃʰ o . ʈ o	5.76
জেলা	dʒ e . l a	5.76
দেশে	d̪ e . ʃ e	5.76
সম্পর্কে	ʃ ɔ m . p ɔ r . k e	5.76
হাতে	h a . t̪ e	5.76
করবেন	k o r . b e n	5.75
তথ্য	t̪ o t̪ . t̪ʰ o	5.75
দেয়া	d̪ e . a	5.75
বাংলা	b a ŋ . l a	5.75
কম	k ɔ m	5.74
দেখুন	d̪ e . kʰ u n	5.74
পারেন	p a . r e n	5.74
যেখানে	dʒ e . kʰ a . n e	5.74
যেমন	dʒ æ . m o n	5.74
সদস্য	s ɔ . d̪ o s . s o	5.74
উত্তর	u t̪ . t̪ ɔ r	5.73
ঘোষণা	gʱ o . ʃ o . n a	5.73
টি	ʈ i	5.73
তিন	t̪ i n	5.73
ধরনের	d̪ʱ ɔ . r o . n e r	5.73
নিতে	n i . t̪ e	5.73
ভারতের	bʱ a . r o . t̪ e r	5.73
মৃত্যু	m r i t̪ . t̪ u	5.73
গিয়ে	g i . e	5.72
দিয়েছে	d̪ i . e . tʃʰ e	5.72
ভাই	bʱ ai̯	5.72
ভিডিও	bʱ i . ɖ i . o	5.72
খবর	kʰ ɔ . b o r	5.71
একটু	e k . ʈ u	5.70
চেয়ে	tʃ e . e	5.70
ভারত	bʱ a . r o t̪	5.70
অভিযোগ	o . bʱ i . dʒ o g	5.69
এসে	e . ʃ e	5.69
ক্ষেত্রে	kʰ e t̪ . r e	5.69
দেশ	d̪ e ʃ	5.69
নাকি	n a . k i	5.69
বলতে	b o l . t̪ e	5.69
ব্যবস্থা	b æ . b o s . t̪ʰ a	5.69
মাত্র	m a t̪ . r o	5.69
সমস্যা	s ɔ . m o ʃ . ʃ a	5.69
আসে	a . ʃ e	5.68
থাকবে	t̪ʰ a k . b e	5.68
বিশ্বাস	b i ʃ . ʃ a ʃ	5.68
ব্যাপারে	b æ . p a . r e	5.68
ওই	o̯i	5.67
করছেন	k o r . tʃʰ e n	5.67
কিভাবে	k i . bʱ a . b e	5.67
চায়	tʃ ae̯	5.67
তুলে	t̪ u . l e	5.67
দেন	d̪ e n	5.67
প্রধানমন্ত্রী	p r o . d̪ʱ a n . m o n . t̪ r i	5.67
ফিরে	f i . r e	5.67
বলেছেন	b o . l e . tʃʰ e n	5.67
বলেন	b ɔ . l e n	5.67
সময়ে	s ɔ . m ɔe̯ . e	5.67
সুন্দর	s u n . d̪ o r	5.67
সুযোগ	ʃ u . dʒ o g	5.67
অন্যান্য	o n . n a n . n o	5.66
ছেলে	tʃʰ e . l e	5.66
থাকা	t̪ʰ a . k a	5.66
ভাবে	bʱ a . b e	5.66
যাওয়া	dʒ ao̯ . a	5.66
রাজনৈতিক	r a dʒ . n oi̯ . t̪ i k	5.66
সহ	ʃ ɔ . h o	5.66
সেটা	ʃ e . ʈ a	5.66
অথবা	ɔ . t̪ʰ ɔ . b a	5.65
এখনো	æ . kʰ o . n o	5.65
এবার	e . b a r	5.65
কেমন	k æ . m o n	5.65
খারাপ	kʰ a . r a p	5.65
ধন্যবাদ	d̪ʱ o n . n o . b a d̪	5.65
প্রয়োজন	p r oi̯ . o . dʒ o n	5.65
সাহায্য	ʃ a . h a dʒ . dʒ o	5.65
হাত	h a t̪	5.65
আশা	a . ʃ a	5.64
উচিত	u . tʃ i t̪	5.64
গ্রহণ	g r o . h o n	5.64
দক্ষিণ	d̪ o k . kʰ i n	5.64
প্রদান	p r o . d̪ a n	5.64
মানে	m a . n e	5.64
মেয়ে	m e . e	5.64
ইসলাম	i s . l a m	5.63
এতে	e . t̪ e	5.63
এসব	e . ʃ ɔ b	5.63
করলে	k o r . l e	5.63
নিশ্চিত	n i ʃ . tʃ i t̪	5.63
পারি	p a . r i	5.63
বের	b e r	5.63
যান	dʒ a n	5.63
সরকারি	ʃ ɔ r . k a . r i	5.63
হওয়া	h ou̯ . a	5.63
ই	i	5.62
করছি	k o r . tʃʰ i	5.62
ঘটনা	gʱ ɔ . ʈ o . n a	5.62
থাকতে	t̪ʰ a k . t̪ e	5.62
পালন	p a . l o n	5.62
বন্ধু	b o n . d̪ʱ u	5.62
বাবা	b a . b a	5.62
ভারতীয়	bʱ a . r o . t̪ i . o	5.62
শেখ	ʃ e kʰ	5.62
জানতে	dʒ a n . t̪ e	5.61
দাবি	d̪ a . b i	5.61
দু	d̪ u	5.61
নেতা	n e . t̪ a	5.61
মারা	m a . r a	5.61
হয়নি	h ɔe̯ . n i	5.61
অর্থ	ɔ r . t̪ʰ o	5.60
আইন	a . i n	5.60
এত	æ . t̪ o	5.60
খান	kʰ a n	5.60
নির্বাচনে	n i r . b a . tʃ ɔ . n e	5.60
পরিবর্তন	p o . r i . b ɔ r . t̪ o n	5.60
প্রশ্ন	p r o ʃ . n o	5.60
বিশ্বের	b i ʃ . ʃ e r	5.60
সংবাদ	ʃ ɔ ŋ . b a d̪	5.60
এসেছে	e . ʃ e . tʃʰ e	5.59
কখনো	k ɔ . kʰ o . n o	5.59
কোটি	k o . ʈ i	5.59
দ্বিতীয়	d̪ i . t̪ i . o	5.59
ভুল	bʱ u l	5.59
যোগ	dʒ o g	5.59
লোক	l o k	5.59
সবার	ʃ ɔ . b a r	5.59
অনুযায়ী	o . n u . dʒ a . i	5.58
আপনাকে	a p . n a . k e	5.58
আসছে	a ʃ . tʃʰ e	5.58
আসলে	a . ʃ o l . e	5.58
বাইরে	b ai̯ . r e	5.58
যাওয়ার	dʒ a . o . a r	5.58
রাতে	r a . t̪ e	5.58
সংখ্যা	s o ŋ . kʰ a	5.58
স্থানীয়	s t̪ʰ a . n i . o	5.58
হত্যা	h o t̪ . t̪ a	5.58
হোক	h o k	5.58
গুরুত্বপূর্ণ	g u . r u t̪ . t̪ o . p u r . n o	5.57
দরকার	d̪ ɔ r . k a r	5.57
দ্বারা	d̪ a . r a	5.57
নিহত	n i . h ɔ . t̪ o	5.57
পানি	p a . n i	5.57
বর্তমান	b ɔ r . t̪ o . m a n	5.57
ভাষা	bʱ a . ʃ a	5.57
মার্কিন	m a r . k i n	5.57
স্বাধীনতা	ʃ a . d̪ʱ i . n ɔ . t̪ a	5.57
অবস্থান	ɔ . b o s . t̪ʰ a n	5.56
কাজে	k a . dʒ e	5.56
নিজেকে	n i . dʒ e . k e	5.56
বিশ্ব	b i ʃ . ʃ o	5.56
রাখা	r a . kʰ a	5.56
সম্ভব	s ɔ m . bʱ ɔ b	5.56
সিদ্ধান্ত	ʃ i d̪ . d̪ʱ a n . t̪ o	5.56
উপজেলার	u . p o . dʒ e . l a r	5.55
এলাকায়	e . l a . k ae̯	5.55
কর	k ɔ r	5.55
গেল	g æ . l o	5.55
প্রকাশিত	p r o . k a . ʃ i . t̪ o	5.55
যদিও	dʒ o . d̪ i . o	5.55
যুদ্ধ	dʒ u d̪ . d̪ʱ ɔ	5.55
রেখে	r e . kʰ e	5.55
আছি	a . tʃʰ i	5.54
আলোচনা	a . l o . tʃ o . n a	5.54
কোথায়	k o . t̪ʰ ae̯	5.54
চান	tʃ a n	5.54
পরিবারের	p o . r i . b a . r e r	5.54
বাস	b a ʃ	5.54
মার্চ	m a r tʃ	5.54
যাতে	dʒ a . t̪ e	5.54
শহরের	ʃ ɔ . h o . r e r	5.54
হন	h o n	5.54
অন্যতম	o n . n o . t̪ ɔ . m o	5.53
আছেন	a . tʃʰ e n	5.53
জানি	dʒ a . n i	5.53
থাকার	t̪ʰ a . k a r	5.53
নাই	n ai̯	5.53
বসে	b o . ʃ e	5.53
রাখতে	r a kʰ . t̪ e	5.53
এগিয়ে	e . g i . e	5.52
কত	k ɔ . t̪ o	5.52
করেছি	k o . r e . tʃʰ i	5.52
করেছিল	k o . r e . tʃʰ i . l o	5.52
তোমাকে	t̪ o . m a . k e	5.52
দ্রুত	d̪ r u . t̪ o	5.52
পারবে	p a r . b e	5.52
পুলিশের	p u . l i . ʃ e r	5.52
পেতে	p e . t̪ e	5.52
মুসলিম	m u s . l i m	5.52
সারা	ʃ a . r a	5.52
সৃষ্টি	s r i ʃ . ʈ i	5.52
আগস্ট	a . g ɔ s ʈ	5.51
চলছে	tʃ o l . tʃʰ e	5.51
চিন্তা	tʃ i n . t̪ a	5.51
বিয়ে	b i . e	5.51
বিষয়	b i . ʃ oe̯	5.51
মাসে	m a . ʃ e	5.51
মূল	m u l	5.51
লেখা	l e . kʰ a	5.51
সকাল	ʃ ɔ . k a l	5.51
স্কুল	s k u l	5.51
আগামী	a . g a . m i	5.50
এরপর	e r . p ɔ r	5.50
ঐ	oi̯	5.50
কারন	k a . r o n	5.50
গান	g a n	5.50
জানা	dʒ a . n a	5.50
ফোন	f o n	5.50
মুক্তি	m u k . t̪ i	5.50
সাবেক	ʃ a . b e k	5.50
হয়তো	h oe̯ . t̪ o	5.50
হিসাবে	h i . ʃ a . b e	5.50
খাবার	kʰ a . b a r	5.49
খেলা	kʰ e . l a	5.49
ছাত্র	tʃʰ a t̪ . r o	5.49
দুটি	d̪ u . ʈ i	5.49
পক্ষে	p ɔ k . kʰ e	5.49
বর্তমানে	b ɔ r . t̪ o . m a . n e	5.49
বার	b a r	5.49
ভোট	bʱ o ʈ	5.49
মাস	m a ʃ	5.49
সংসদ	ʃ ɔ ŋ . ʃ ɔ d̪	5.49
সেরা	ʃ e . r a	5.49
কঠিন	k o . ʈʰ i n	5.48
গেলে	g e . l e	5.48
গ্রেফতার	g r e f . t̪ a r	5.48
দিনের	d̪ i . n e r	5.48
নি	n i	5.48
যিনি	dʒ i . n i	5.48
সময়ের	s ɔ . m oe̯ . e r	5.48
সামাজিক	ʃ a . m a . dʒ i k	5.48
সেপ্টেম্বর	s e p . ʈ e m . b a r	5.48
অবশ্যই	ɔ . b o ʃ . ʃ oi̯	5.47
উল্লেখ	u l . l e kʰ	5.47
একে	e . k e	5.47
কোনও	k o n . o	5.47
গুলি	g u . l i	5.47
ঘটে	gʱ ɔ . ʈ e	5.47
ছিলো	tʃʰ i . l o	5.47
জনপ্রিয়	dʒ ɔ . n o . p r i . o	5.47
জীবনের	dʒ i . b o . n e r	5.47
পরিবার	p o . r i . b a r	5.47
পুরো	p u . r o	5.47
প্রাথমিক	p r a . t̪ʰ o . m i k	5.47
বই	b oi̯	5.47
বিশ্ববিদ্যালয়ের	b i ʃ . ʃ o . b i d̪ . d̪ a . l ɔe̯ . e r	5.47
লাভ	l a bʱ	5.47
শিশু	ʃ i . ʃ u	5.47
স্ত্রী	s t̪ r i	5.47
অবস্থা	ɔ . b o s . t̪ʰ a	5.46
আহত	a . h o . t̪ o	5.46
উন্নয়ন	u n . n oe̯ . o n	5.46
এখনও	æ . kʰ o n . o	5.46
এপ্রিল	e p . r i l	5.46
কাছ	k a tʃʰ	5.46
খুবই	kʰ u b . i	5.46
গল্প	g ɔ l . p o	5.46
চালু	tʃ a . l u	5.46
পথ	p ɔ t̪ʰ	5.46
পূর্ব	p u r . b o	5.46
বলছে	b o l . tʃʰ e	5.46
বিরোধী	b i . r o . d̪ʱ i	5.46
বিস্তারিত	b i s . t̪ a . r i . t̪ o	5.46
বুঝতে	b u dʒʱ . t̪ e	5.46
মৃত্যুর	m r i t̪ . t̪ u r	5.46
শহর	ʃ ɔ . h o r	5.46
আপনাদের	a p . n a . d̪ e r	5.45
উপজেলা	u . p o . dʒ e . l a	5.45
কয়েক	k ɔe̯ . e k	5.45
কাজের	k a . dʒ e r	5.45
কিছুই	k i . tʃʰ ui̯	5.45
কেন্দ্র	k e n . d̪ r o	5.45
ঘটনায়	gʱ ɔ . ʈ o . n ae̯	5.45
চার	tʃ a r	5.45
তে	t̪ e	5.45
দায়িত্ব	d̪ a . i t̪ . t̪ o	5.45
নিজেদের	n i . dʒ e . d̪ e r	5.45
ফুটবল	f u ʈ . b ɔ l	5.45
রহমান	r ɔ . h o . m a n	5.45
রাত	r a t̪	5.45
শিক্ষক	ʃ i k . kʰ ɔ k	5.45
আপনারা	a p . n a . r a	5.44
আসা	a . ʃ a	5.44
কিনা	k i . n a	5.44
থেকেই	t̪ʰ e . k ei̯	5.44
দেবে	d̪ e . b e	5.44
নামের	n a . m e r	5.44
পায়	p ae̯	5.44
পারবেন	p a r . b e n	5.44
যুক্ত	dʒ u k . t̪ o	5.44
যোগাযোগ	dʒ o . g a . dʒ o g	5.44
লাখ	l a kʰ	5.44
সবাইকে	ʃ ɔ . b ai̯ . k e	5.44
হলেও	h o . l eo̯	5.44
আলী	a . l i	5.43
এমনকি	æ . m o n . k i	5.43
কাউকে	k au̯ . k e	5.43
কারো	k a . r o	5.43
কেবল	k æ . b o l	5.43
পরিচিত	p o . r i . tʃ i . t̪ o	5.43
পরীক্ষা	p o . r i k . kʰ a	5.43
ফেলে	f e . l e	5.43
বিষয়টি	b i . ʃ oe̯ . ʈ i	5.43
বেশী	b e . ʃ i	5.43
শেয়ার	ʃ e . a r	5.43
হয়েছেন	h o . e . tʃʰ e n	5.43
হামলা	h a m . l a	5.43
অবস্থায়	ɔ . b o s . t̪ʰ ae̯	5.42
আগের	a . g e r	5.42
একবার	æ k . b a r	5.42
কয়েকটি	k oe̯ . e k . ʈ i	5.42
খুঁজে	kʰ u . dʒ e	5.42
জুলাই	dʒ u . l ai̯	5.42
তারপর	t̪ a r . p ɔ r	5.42
পথে	p ɔ . t̪ʰ e	5.42
পাশাপাশি	p a . ʃ a . p a . ʃ i	5.42
মুখে	m u . kʰ e	5.42
মে	m e	5.42
রক্ষা	r ɔ k . kʰ a	5.42
সম্পর্ক	ʃ ɔ m . p o r . k o	5.42
অধিকার	o . d̪ʱ i . k a r	5.41
উদ্ধার	u d̪ . d̪ʱ a r	5.41
একমাত্র	æ k . m a t̪ . r o	5.41
চোখ	tʃ o kʰ	5.41
ধারণা	d̪ʱ a . r o . n a	5.41
মুক্ত	m u k . t̪ o	5.41
সহজ	s ɔ . h o dʒ	5.41
এদের	e . d̪ e r	5.40
এলাকা	æ . l a . k a	5.40
ক্ষমতা	kʰ ɔ . m o . t̪ a	5.40
খুন	kʰ u n	5.40
থাকেন	t̪ʰ a . k e n	5.40
দিনে	d̪ i . n e	5.40
দেখি	d̪ e . kʰ i	5.40
ভাষায়	bʱ a . ʃ ae̯	5.40
মধ্য	m o d̪ . d̪ʱ o	5.40
মহিলা	m o . h i . l a	5.40
মামলা	m a m . l a	5.40
রায়	r ae̯	5.40
লক্ষ	l ɔ k . kʰ o	5.40
লাগে	l a . g e	5.40
স্বাস্থ্য	ʃ a s . t̪ʰ o	5.40
হারিয়ে	h a . r i . e	5.40
আহমেদ	a h . m e d̪	5.39
কেন্দ্রীয়	k e n . d̪ r io̯	5.39
জয়	dʒ ɔe̯	5.39
তারিখে	t̪ a . r i . kʰ e	5.39
দিচ্ছে	d̪ i tʃ . tʃʰ e	5.39
নিরাপত্তা	n i . r a . p ɔ t̪ . t̪ a	5.39
পা	p a	5.39
পাশে	p a . ʃ e	5.39
বিএনপি	b i . e n . p i	5.39
বিচার	b i . tʃ a r	5.39
ভুলে	bʱ u . l e	5.39
মুখ	m u kʰ	5.39
মোবাইল	m o . b ai̯ l	5.39
আন্দোলন	a n . d̪ o . l o n	5.38
আসবে	a ʃ . b e	5.38
উচ্চ	u tʃ . tʃ o	5.38
ঘরে	gʱ ɔ . r e	5.38
তোর	t̪ o r	5.38
ধরা	d̪ʱ ɔ . r a	5.38
পেয়ে	p e . e	5.38
প্রেসিডেন্ট	p r e . s i . ɖ e n ʈ	5.38
বিক্রি	b i k . r i	5.38
শক্তি	ʃ o k . t̪ i	5.38
সঠিক	ʃ ɔ . ʈʰ i k	5.38
সমস্ত	ʃ ɔ . m o s . t̪ o	5.38
সাংবাদিক	s a ŋ . b a . d̪ i k	5.38
সৌদি	s ou̯ . d̪ i	5.38
অফ	ɔ f	5.37
আসল	a . ʃ o l	5.37
উঠে	u . ʈʰ e	5.37
উপরে	u . p o . r e	5.37
এদিকে	e . d̪ i . k e	5.37
জন্ম	dʒ ɔ n . m o	5.37
তাতে	t̪ a . t̪ e	5.37
নেওয়া	n eo̯ . a	5.37
পছন্দ	p ɔ . tʃʰ o n . d̪ o	5.37
পরিকল্পনা	p o . r i . k ɔ l . p o . n a	5.37
পান	p a n	5.37
পুরস্কার	p u . r o ʃ . k a r	5.37
পৃথিবীর	p r i . t̪ʰ i . b i r	5.37
মাথা	m a . t̪ʰ a	5.37
রাষ্ট্রপতি	r a ʃ . ʈ r o . p o . t̪ i	5.37
লক্ষ্য	l o k . kʰ o	5.37
শব্দ	ʃ ɔ b . d̪ o	5.37
সত্যি	s o t̪ . t̪ i	5.37
আটক	a . ʈ o k	5.36
আলাদা	a . l a . d̪ a	5.36
ইতিহাস	i . t̪ i . h a ʃ	5.36
এলাকার	e . l a . k a r	5.36
চট্টগ্রাম	tʃ ɔ ʈ . ʈ o . g r a m	5.36
জেলার	dʒ e . l a r	5.36
টা	ʈ a	5.36
দেয়ার	d̪ e . a r	5.36
নামক	n a . m o k	5.36
পরিণত	p o . r i . n ɔ . t̪ o	5.36
পাঁচ	p a tʃ	5.36
ফেসবুক	f e s . b u k	5.36
বিভাগের	b i . bʱ a . g e r	5.36
বিমান	b i . m a n	5.36
বৃদ্ধি	b r i d̪ . d̪ʱ i	5.36
মন্ত্রী	m o n . t̪ r i	5.36
যাই	dʒ ai̯	5.36
রাজ্যের	r a dʒ . dʒ e r	5.36
শহরে	ʃ ɔ . h o . r e	5.36
শিকার	ʃ i . k a r	5.36
শেষে	ʃ e . ʃ e	5.36
অক্টোবর	ɔ k . ʈ o . b o r	5.35
অব	ɔ b	5.35
আসতে	a ʃ . t̪ e	5.35
জায়গা	dʒ ae̯ . g a	5.35
তুই	t̪ ui̯	5.35
থাকলে	t̪ʰ a k . l e	5.35
নির্দেশ	n i r . d̪ e ʃ	5.35
নেয়	n æe̯	5.35
পরবর্তী	p ɔ . r o . b o r . t̪ i	5.35
পরিচালক	p o . r i . tʃ a . l o k	5.35
প্রতিটি	p r o . t̪ i . ʈ i	5.35
ভাগ	bʱ a g	5.35
ভারতে	bʱ a . r o . t̪ e	5.35
যুক্তরাষ্ট্রের	dʒ u k . t̪ o . r a ʃ . ʈ r e r	5.35
যৌন	dʒ ou̯ . n o	5.35
লেখক	l e . kʰ o k	5.35
শতাংশ	ʃ ɔ . t̪ a ŋ . ʃ o	5.35
শুধুমাত্র	ʃ u . d̪ʱ u . m a t̪ . r o	5.35
সংস্থা	ʃ ɔ ŋ s . t̪ʰ a	5.35
সদর	s ɔ . d̪ o r	5.35
সভাপতি	ʃ ɔ . bʱ a . p o . t̪ i	5.35
স্থান	s t̪ʰ a n	5.35
অপেক্ষা	ɔ . p e k . kʰ a	5.34
আওয়ামী	a . o . a . m i	5.34
আগেই	a . g ei̯	5.34
ইউনিয়নের	i̯u . n i . ɔ n . e r	5.34
করেছিলেন	k o . r e . tʃʰ i . l e n	5.34
দাম	d̪ a m	5.34
পাওয়ার	p a . o̯a r	5.34
ফেব্রুয়ারি	f e b . r u . a . r i	5.34
বছরে	b ɔ . tʃʰ o . r e	5.34
বলার	b ɔ . l a r	5.34
বিশ্ববিদ্যালয়	b i ʃ . ʃ o . b i d̪ . d̪ a . l oe̯	5.34
মোহাম্মদ	m o . h a m . m o d̪	5.34
লীগ	l i g	5.34
স্থানে	s t̪ʰ a . n e	5.34
জীবনে	dʒ i . b o . n e	5.33
জুন	dʒ u n	5.33
দিক	d̪ i k	5.33
দিবস	d̪ i . b ɔ ʃ	5.33
দীর্ঘ	d̪ i r . gʱ o	5.33
নিউজ	n iu̯ dʒ	5.33
নির্বাচিত	n i r . b a . tʃ i . t̪ o	5.33
মন	m ɔ n	5.33
মায়ের	m a . e r	5.33
রাজ্য	r a dʒ . dʒ o	5.33
শুভ	ʃ u . bʱ o	5.33
সিটি	s i . ʈ i	5.33
অর্জন	ɔ r . dʒ ɔ n	5.32
আয়োজন	ae̯ . o . dʒ ɔ n	5.32
এটাই	æ . ʈ a . i	5.32
এম	e m	5.32
পুরুষ	p u . r u ʃ	5.32
প্রার্থী	p r a r . t̪ʰ i	5.32
বদলে	b o d̪ . l e	5.32
ব্যাপক	b æ . p o k	5.32
মতে	m ɔ . t̪ e	5.32
মাথায়	m a . t̪ʰ ae̯	5.32
রাখার	r a . kʰ a r	5.32
রাস্তা	r a s . t̪ a	5.32
সত্য	s o t̪ . t̪ o	5.32
সম্পাদক	ʃ ɔ m . p a . d̪ o k	5.32
সামরিক	ʃ a . m o . r i k	5.32
হতো	h o . t̪ o	5.32
অনলাইন	ɔ n . l ai̯ n	5.31
এরা	e . r a	5.31
করব	k o r . b o	5.31
কার্যক্রম	k a r . dʒ o . k r o m	5.31
গ্রামে	g r a . m e	5.31
জানেন	dʒ a . n e n	5.31
জায়গায়	dʒ ae̯ . g ae̯	5.31
দূরে	d̪ u . r e	5.31
নভেম্বর	n ɔ . bʱ e m . b ɔ r	5.31
নেয়া	n e . a	5.31
প্রথমে	p r o . t̪ʰ o . m e	5.31
প্রমাণ	p r o . m a n	5.31
প্রিয়	p r i . o	5.31
সরাসরি	ʃ ɔ . r a . s o . r i	5.31
সেবা	ʃ e . b a	5.31
অনুষ্ঠান	o . n u s . ʈʰ a n	5.30
কিংবা	k i ŋ . b a	5.30
জানে	dʒ a . n e	5.30
টাকার	ʈ a . k a r	5.30
তাদেরকে	t̪ a . d̪ e r . k e	5.30
নষ্ট	n ɔ ʃ . ʈ o	5.30
নিচে	n i . tʃ e	5.30
নির্বাচনের	n i r . b a . tʃ ɔ . n e r	5.30
পাবেন	p a . b e n	5.30
পেয়েছে	p e . e . tʃʰ e	5.30
বাজার	b a . dʒ a r	5.30
বাহিনী	b a . h i . n i	5.30
মিথ্যা	m i t̪ . t̪ʰ a	5.30
যাদের	dʒ a . d̪ e r	5.30
অস্ত্র	ɔ s . t̪ r o	5.29
আক্রান্ত	a k . r a n . t̪ o	5.29
ইসলামী	i s . l a . m i	5.29
কখনও	k ɔ . kʰ o . n o	5.29
করলাম	k o r . l a m	5.29
করো	k ɔ . r o	5.29
তোমরা	t̪ o m . r a	5.29
দেখার	d̪ æ . kʰ a r	5.29
নিয়ন্ত্রণ	n i . o n . t̪ r o n	5.29
নির্মাণ	n i r . m a n	5.29
পরিচয়	p o . r i . tʃ ɔe̯	5.29
পরিমাণ	p o . r i . m a n	5.29
পাবে	p a . b e	5.29
প্রভাব	p r o . bʱ a b	5.29
বয়স	b oe̯ . o ʃ	5.29
বল	b ɔ l	5.29
ব্যক্তিগত	b æ k . t̪ i . g ɔ . t̪ o	5.29
ভূমিকা	bʱ u . m i . k a	5.29
মানুষকে	m a . n u ʃ . k e	5.29
মাসের	m a ʃ . e r	5.29
রাজধানী	r a dʒ . d̪ʱ a . n i	5.29
লীগের	l i . g e r	5.29
সিলেট	s i . l e ʈ	5.29
স্বপ্ন	ʃ ɔ p . n o	5.29
হলেন	h o . l e n	5.29
অনুসারে	o . n u . ʃ a . r e	5.28
আঘাত	a . gʱ a t̪	5.28
আজকে	a dʒ . k e	5.28
আসার	a . ʃ a r	5.28
কষ্ট	k ɔ ʃ . ʈ o	5.28
কালো	k a . l o	5.28
ধ্বংস	d̪ʱ ɔ ŋ . ʃ o	5.28
নারীদের	n a . r i . d̪ e r	5.28
প্রযুক্তি	p r o . dʒ u k . t̪ i	5.28
বাদ	b a d̪	5.28
বিদ্যুৎ	b i d̪ . d̪ u t̪	5.28
বিপক্ষে	b i . p ɔ k . kʰ e	5.28
বিশাল	b i . ʃ a l	5.28
যথেষ্ট	dʒ ɔ . t̪ʰ e ʃ . ʈ o	5.28
রকম	r ɔ . k o m	5.28
শান্তি	ʃ a n . t̪ i	5.28
সন্তান	ʃ ɔ n . t̪ a n	5.28
সমর্থন	ʃ ɔ . m o r . t̪ʰ o n	5.28
সর্বোচ্চ	ʃ ɔ r . b o tʃ . tʃ o	5.28
অবস্থিত	ɔ . b o s . t̪ʰ i . t̪ o	5.27
আন্দোলনের	a n . d̪ o . l ɔ . n e r	5.27
আরব	a . r ɔ b	5.27
উৎসব	u t̪ . ʃ ɔ b	5.27
এতো	æ . t̪ o	5.27
চৌধুরী	tʃ ou̯ . d̪ʱ u . r i	5.27
ডলার	ɖ o . l a r	5.27
তাঁদের	t̪ a . d̪ e r	5.27
তালিকা	t̪ a . l i . k a	5.27
তৈরী	t̪ oi̯ . r i	5.27
ধর্ম	d̪ʱ ɔ r . m o	5.27
প্রতিদিন	p r o . t̪ i . d̪ i n	5.27
প্রবেশ	p r o . b e ʃ	5.27
প্রস্তাব	p r o s . t̪ a b	5.27
বলেছে	b o . l e . tʃʰ e	5.27
বিক্ষোভ	b i k . kʰ o bʱ	5.27
বিষয়ক	b i . ʃ ɔe̯ . o k	5.27
ব্যাংক	b æ ŋ k	5.27
মজা	m ɔ . dʒ a	5.27
মিনিট	m i . n i ʈ	5.27
রাজা	r a . dʒ a	5.27
সুবিধা	ʃ u . b i . d̪ʱ a	5.27
অন্তত	ɔ n . t̪ o . t̪ o	5.26
আক্রমণ	a k . r o . m o n	5.26
একদিন	æ k . d̪ i n	5.26
কর্মকর্তা	k ɔ r . m o . k ɔ r . t̪ a	5.26
খুলে	kʰ u . l e	5.26
গ্রাম	g r a m	5.26
গ্রুপ	g r u p	5.26
ডিসেম্বর	ɖ i . s e m . b ɔ r	5.26
বরং	b ɔ . r o ŋ	5.26
বলছেন	b o l . tʃʰ e n	5.26
বাহিনীর	b a . h i . n i r	5.26
ব্যাপার	b æ . p a r	5.26
ভিন্ন	bʱ i n . n o	5.26
শক্তিশালী	ʃ o k . t̪ i . ʃ a . l i	5.26
সংগ্রহ	ʃ ɔ ŋ . g r o . h o	5.26
অভিযান	o . bʱ i . dʒ a n	5.25
আল্লাহ	a l . l a h	5.25
একা	æ . k a	5.25
এভাবে	e . bʱ a . b e	5.25
কমিটি	k ɔ . m i . ʈ i	5.25
চোখে	tʃ o . kʰ e	5.25
জানান	dʒ a . n a n	5.25
টিভি	ʈ i . bʱ i	5.25
ঢাকার	ɖʱ a . k a r	5.25
তৃতীয়	t̪ r i . t̪ i . o	5.25
নিয়েছে	n i . e . tʃʰ e	5.25
পদে	p ɔ . d̪ e	5.25
প্রতিবাদ	p r o . t̪ i . b a d̪	5.25
মোট	m o ʈ	5.25
রাস্তায়	r a s . t̪ ae̯	5.25
আজকের	a dʒ . k e r	5.24
আবেদন	a . b e . d̪ o n	5.24
আসুন	a . ʃ u n	5.24
গ্রামের	g r a m . e r	5.24
চুক্তি	tʃ u k . t̪ i	5.24
জনগণের	dʒ ɔ . n o . g ɔ . n e r	5.24
জনের	dʒ ɔ . n e r	5.24
ধর্মীয়	d̪ʱ o r . m i . o	5.24
নাগরিক	n a . g o . r i k	5.24
নানা	n a . n a	5.24
নিজ	n i dʒ	5.24
পরিচালনা	p o . r i . tʃ a . l o . n a	5.24
বাকি	b a . k i	5.24
বেঁচে	b e . tʃ e	5.24
মন্তব্য	m ɔ n . t̪ o b . b o	5.24
মহান	m ɔ . h a n	5.24
মেনে	m e . n e	5.24
লাল	l a l	5.24
সকালে	ʃ ɔ . k a . l e	5.24
সমাজ	s ɔ . m a dʒ	5.24
হার	h a r	5.24
আগুন	a . g u n	5.23
উপস্থিত	u . p o s . t̪ʰ i t̪	5.23
এস	e s	5.23
করবো	k o r . b o	5.23
কর্মী	k o r . m i	5.23
কীভাবে	k i . bʱ a . b e	5.23
ক্ষতি	kʰ o . t̪ i	5.23
খালেদা	kʰ a . l e . d̪ a	5.23
খেলার	kʰ æ . l a r	5.23
গঠন	g ɔ . ʈʰ o n	5.23
ঘটনার	gʱ ɔ . ʈ o . n a r	5.23
তেমন	t̪ æ . m o n	5.23
দাও	d̪ ao̯	5.23
প্রাক্তন	p r a k . t̪ o n	5.23
বর্ণনা	b ɔ r . n o . n a	5.23
মূল্য	m u l . l o	5.23
মৃত	m r i . t̪ o	5.23
রাখে	r a . kʰ e	5.23
শহীদ	ʃ o . h i d̪	5.23
সফল	ʃ ɔ . f o l	5.23
হামলার	h a m . l a r	5.23
অধীনে	o . d̪ʱ i n . e	5.22
অনুমতি	o . n u . m o . t̪ i	5.22
ইন্টারনেট	i n . ʈ a r . n e ʈ	5.22
কার	k a r	5.22
খুশি	kʰ u . ʃ i	5.22
গ্রেপ্তার	g r e p . t̪ a r	5.22
চালিয়ে	tʃ a . l i . e	5.22
তোমাদের	t̪ o . m a . d̪ e r	5.22
নিরাপদ	n i . r a . p ɔ d̪	5.22
প্রস্তুত	p r o s . t̪ u t̪	5.22
বিভাগ	b i . bʱ a g	5.22
মাছ	m a tʃʰ	5.22
শিল্প	ʃ i l . p o	5.22
অত্যন্ত	o t̪ . t̪ o n . t̪ o	5.21
অনুষ্ঠানে	o . n u ʃ . ʈʰ a . n e	5.21
অর্থনৈতিক	ɔ r . t̪ʰ o . n oi̯ . t̪ i k	5.21
কবি	k o . b i	5.21
কেটে	k e . ʈ e	5.21
চাইলে	tʃ ai̯ . l e	5.21
ছবির	tʃʰ o . b i r	5.21
তাঁকে	t̪ a . k e	5.21
তিনটি	t̪ i n . ʈ i	5.21
ধীরে	d̪ʱ i . r e	5.21
পরিষ্কার	p o . r i ʃ . k a r	5.21
পরের	p ɔ . r e r	5.21
বললেন	b o l . l e n	5.21
বাবার	b a . b a r	5.21
ভর্তি	bʱ o r . t̪ i	5.21
মালিক	m a . l i k	5.21
রিপোর্ট	r i . p o r ʈ	5.21
রেকর্ড	r e . k o r ɖ	5.21
শত	ʃ ɔ . t̪ o	5.21
সংগঠন	ʃ ɔ ŋ . g ɔ . ʈʰ o n	5.21
সম্মান	ʃ ɔ m . m a n	5.21
সরকারী	s o r . k a . r i	5.21
সর্বশেষ	s ɔ r . b o . ʃ e ʃ	5.21
স্বামী	ʃ a . m i	5.21
হক	h ɔ k	5.21
হবার	h ɔ . b a r	5.21
অপরাধ	ɔ . p ɔ . r a d̪ʱ	5.20
আদালত	a . d̪ a . l ɔ t̪	5.20
এগুলো	e . g u . l o	5.20
কমিটির	k ɔ . m i . ʈ i r	5.20
ক্ষমা	kʰ ɔ . m a	5.20
ঘুরে	gʱ u . r e	5.20
ছিলাম	tʃʰ i . l a m	5.20
জাতির	dʒ a . t̪ i r	5.20
জেনারেল	dʒ e . n a . r e l	5.20
তাঁরা	t̪ a . r a	5.20
দিলে	d̪ i . l e	5.20
দূর	d̪ u r	5.20
নিজে	n i . dʒ e	5.20
নিন	n i n	5.20
নির্বাচনী	n i r . b a . tʃ o . n i	5.20
পার	p a r	5.20
ফেসবুকে	f e s . b u . k e	5.20
বলি	b o . l i	5.20
ব্যবহৃত	b æ . b o . h r i . t̪ o	5.20
ব্যর্থ	b æ r . t̪ʰ o	5.20
যত	dʒ ɔ . t̪ o	5.20
যাকে	dʒ a . k e	5.20
শাস্তি	ʃ a s . t̪ i	5.20
শুনে	ʃ u . n e	5.20
সমাধান	s ɔ . m a . d̪ʱ a n	5.20
সম্ভবত	s ɔ m . bʱ o . b ɔ . t̪ o	5.20
স্বাধীন	ʃ a . d̪ʱ i n	5.20
হোসেন	h o . s e n	5.20
করল	k o r . l o	5.19
করলেন	k o r . l e n	5.19
করেই	k o . r ei̯	5.19
কল	k o l	5.19
কাল	k a l	5.19
কাহিনী	k a . h i . n i	5.19
কিছুটা	k i . tʃʰ u . ʈ a	5.19
পরিবেশ	p o . r i . b e ʃ	5.19
পেছনে	p e . tʃʰ o . n e	5.19
প্রকল্প	p r o . k ɔ l . p o	5.19
মিলিয়ন	m i . l i . o n	5.19
সংস্কৃতি	ʃ ɔ ŋ s . k r i . t̪ i	5.19
সম্পূর্ণ	s ɔ m . p u r . n o	5.19
হয়ত	h ɔe̯ . t̪ o	5.19
হাসান	h a . s a n	5.19
হুমকি	h u m . k i	5.19
অংশগ্রহণ	ɔ ŋ . ʃ o . g r o . h o n	5.18
অতিরিক্ত	o . t̪ i . r i k . t̪ o	5.18
আবু	a . b u	5.18
কুমার	k u . m a r	5.18
গতকাল	g ɔ . t̪ o . k a l	5.18
গুলো	g u . l o	5.18
তারিখ	t̪ a . r i kʰ	5.18
দলে	d̪ ɔ . l e	5.18
নিউ	n iu̯	5.18
পোস্ট	p o s ʈ	5.18
বি	b i	5.18
যুদ্ধের	dʒ u d̪ . d̪ʱ e r	5.18
রে	r e	5.18
শিক্ষার্থী	ʃ i k . kʰ a r . t̪ʰ i	5.18
সংক্রান্ত	s ɔ ŋ . k r a n . t̪ o	5.18
সম্পন্ন	ʃ ɔ m . p o n . n o	5.18
সাল	ʃ a l	5.18
হত	h o . t̪ o	5.18
আ	a	5.17
আদেশ	a . d̪ e ʃ	5.17
খেতে	kʰ e . t̪ e	5.17
গেলো	g æ . l o	5.17
ঘর	gʱ ɔ r	5.17
চুরি	tʃ u . r i	5.17
তদন্ত	t̪ ɔ . d̪ o n . t̪ o	5.17
নদী	n o . d̪ i	5.17
নদীর	n o . d̪ i r	5.17
নিষিদ্ধ	n i . ʃ i d̪ . d̪ʱ o	5.17
পরিষদ	p o . r i . ʃ ɔ d̪	5.17
প্রচার	p r o . tʃ a r	5.17
ফল	f ɔ l	5.17
বাজারে	b a . dʒ a . r e	5.17
মিস	m i s	5.17
ম্যাচ	m æ tʃ	5.17
যুক্তরাষ্ট্র	dʒ u k . t̪ o . r a s . ʈ r o	5.17
শ্রমিক	ʃ r o . m i k	5.17
সক্ষম	ʃ ɔ k . kʰ o m	5.17
সভা	ʃ ɔ . bʱ a	5.17
হা	h a	5.17
অঞ্চলের	ɔ n . tʃ ɔ . l e r	5.16
অনেকেই	ɔ . n e . k ei̯	5.16
অভিনয়	o . bʱ i . n oe̯	5.16
অভিযোগে	o . bʱ i . dʒ o . g e	5.16
কারনে	k a . r o n . e	5.16
কার্যকর	k a r . dʒ o . k ɔ r	5.16
খরচ	kʰ ɔ . r o tʃ	5.16
গভীর	g o . bʱ i r	5.16
গেছেন	g æ . tʃʰ e n	5.16
চা	tʃ a	5.16
চিকিৎসা	tʃ i . k i t̪ . ʃ a	5.16
চীন	tʃ i n	5.16
ছবিতে	tʃʰ o . b i . t̪ e	5.16
দেব	d̪ e b	5.16
পক্ষ	p ɔ k . kʰ o	5.16
পূর্ণ	p u r . n o	5.16
ফলাফল	f ɔ . l a . f ɔ l	5.16
বাধ্য	b a d̪ . d̪ʱ o	5.16
ভাষার	bʱ a . ʃ a r	5.16
মূলত	m u . l o . t̪ o	5.16
যাত্রা	dʒ a t̪ . r a	5.16
রাজনীতি	r a dʒ . n i . t̪ i	5.16
সেনা	ʃ e . n a	5.16
স্কুলে	s k u . l e	5.16
হঠাৎ	h ɔ . ʈʰ a t̪	5.16
আটকে	a ʈ . k e	5.15
আমিও	a . m i . o	5.15
আমেরিকান	a . m e . r i . k a n	5.15
ইংরেজি	i ŋ . r e . dʒ i	5.15
করত	k o r . t̪ o	5.15
খোলা	kʰ o . l a	5.15
গরম	g ɔ . r o m	5.15
গোপন	g o . p o n	5.15
ঘন্টা	gʱ ɔ n . ʈ a	5.15
দে	d̪ e	5.15
দৈনিক	d̪ oi̯ . n i k	5.15
পবিত্র	p o . b i t̪ . r o	5.15
পোশাক	p o . ʃ a k	5.15
প্রতিবেদন	p r o . t̪ i . b e . d̪ o n	5.15
বাংলার	b a ŋ . l a r	5.15
ব্যবসা	b æ b . ʃ a	5.15
মাঠে	m a . ʈʰ e	5.15
মামলার	m a m . l a r	5.15
যেসব	dʒ e . ʃ ɔ b	5.15
রক্ত	r ɔ k . t̪ o	5.15
শীর্ষ	ʃ i r . ʃ o	5.15
হিন্দু	h i n . d̪ u	5.15
হে	h e	5.15
অন্যদিকে	o n . n o . d̪ i . k e	5.14
অবশ্য	ɔ . b o ʃ . ʃ o	5.14
আনন্দ	a . n o n . d̪ o	5.14
আনা	a . n a	5.14
আলো	a . l o	5.14
ইচ্ছা	i tʃ . tʃʰ a	5.14
ইন	i n	5.14
কবিতা	k o . b i . t̪ a	5.14
কোথাও	k o . t̪ʰ ao̯	5.14
খাদ্য	kʰ a d̪ . d̪ o	5.14
ঘটেছে	gʱ ɔ . ʈ e . tʃʰ e	5.14
ছয়	tʃʰ ɔe̯	5.14
জানুয়ারি	dʒ a . n u . a . r i	5.14
টেস্ট	ʈ e s ʈ	5.14
তালিকায়	t̪ a . l i . k a	5.14
নিয়মিত	n i . o . m i . t̪ o	5.14
নেন	n æ n	5.14
পুনরায়	p u . n o . r ae̯	5.14
বঙ্গবন্ধু	b o ŋ . g o . b o n . d̪ʱ u	5.14
বহু	b o . h u	5.14
বাতিল	b a . t̪ i l	5.14
বিখ্যাত	b i k . kʰ æ . t̪ o	5.14
বোন	b o n	5.14
মুখোমুখি	m u . kʰ o . m u . kʰ i	5.14
যেহেতু	dʒ e . h e . t̪ u	5.14
শুনতে	ʃ u n . t̪ e	5.14
সম্প্রতি	s ɔ m . p r o . t̪ i	5.14
সাংস্কৃতিক	ʃ a ŋ . s k r i . t̪ i k	5.14
সাদা	ʃ a . d̪ a	5.14
সামান্য	ʃ a . m a n . n o	5.14
স্বীকার	ʃ i . k a r	5.14
অবৈধ	ɔ . b oi̯ . d̪ʱ o	5.13
অসাধারণ	ɔ . ʃ a . d̪ʱ a . r o n	5.13
ইসলামের	i s . l a m . e r	5.13
উদ্দেশ্য	u d̪ . d̪ e ʃ . ʃ o	5.13
উদ্যোগ	u d̪ . d̪ o g	5.13
জাতি	dʒ a . t̪ i	5.13
দখল	d̪ ɔ . kʰ o l	5.13
নিজেই	n i . dʒ ei̯	5.13
পরিস্থিতি	p o . r i s . t̪ʰ i . t̪ i	5.13
পশ্চিম	p o ʃ . tʃ i m	5.13
পাঠানো	p a . ʈʰ a . n o	5.13
পাতা	p a . t̪ a	5.13
পানির	p a . n i r	5.13
ফিরিয়ে	f i . r i . e	5.13
বোমা	b o . m a	5.13
মেয়র	m e . o r	5.13
মেয়ের	m e . e r	5.13
রান	r a n	5.13
সপ্তাহ	ʃ ɔ p . t̪ a . h o	5.13
সহায়তা	ʃ ɔ . h ae̯ . ɔ . t̪ a	5.13
সাত	ʃ a t̪	5.13
সি	s i	5.13
হত্যার	h o t̪ . t̪ a r	5.13
আনতে	a n . t̪ e	5.12
আল্লাহর	a l . l a . h ɔ r	5.12
উচিৎ	u . tʃ i t̪	5.12
উন্নত	u n . n ɔ . t̪ o	5.12
এরকম	e . r ɔ . k o m	5.12
ওঠে	o . ʈʰ e	5.12
করায়	k ɔ . r ai̯	5.12
জানিয়ে	dʒ a . n i . e	5.12
নারীর	n a . r i r	5.12
পদ্ধতি	p ɔ d̪ . d̪ʱ o . t̪ i	5.12
পরিচালিত	p o . r i . tʃ a . l i . t̪ o	5.12
পিতা	p i . t̪ a	5.12
প্রশিক্ষণ	p r o . ʃ i k . kʰ ɔ n	5.12
বিশ্বকাপ	b i ʃ . ʃ o . k a p	5.12
বিশ্ববিদ্যালয়ে	b i ʃ . ʃ o . b i d̪ . d̪ a . l oe̯ . e	5.12
মাদক	m a . d̪ o k	5.12
মানব	m a . n o b	5.12
লাগবে	l a g . b e	5.12
স্থাপন	s t̪ʰ a . p o n	5.12
হাসিনা	h a . s i . n a	5.12
অনুরোধ	o . n u . r o d̪ʱ	5.11
অনেকে	ɔ . n e . k e	5.11
অর্থাৎ	ɔ r . t̪ʰ a t̪	5.11
উঠেছে	u . ʈʰ e . tʃʰ e	5.11
উপলক্ষে	u . p o . l o k . kʰ e	5.11
কলেজের	k ɔ . l e . dʒ e r	5.11
গবেষণা	g ɔ . b e . ʃ o . n a	5.11
গাছ	g a tʃʰ	5.11
ঘণ্টা	gʱ ɔ n . ʈ a	5.11
চাপ	tʃ a p	5.11
চীনের	tʃ i . n e r	5.11
জন্যই	dʒ o n . n oi̯	5.11
ড	ɖ ɔ	5.11
পরিবহন	p o . r i . b ɔ . h o n	5.11
পাই	p ai̯	5.11
প্রতিষ্ঠা	p r o . t̪ i ʃ . ʈʰ a	5.11
ভবন	bʱ ɔ . b o n	5.11
রাজধানীর	r a dʒ . d̪ʱ a . n i r	5.11
রাজশাহী	r a dʒ . ʃ a . h i	5.11
রোগ	r o g	5.11
সমাজের	ʃ ɔ . m a . dʒ e r	5.11
স্বাধীনতার	ʃ a . d̪ʱ i . n ɔ . t̪ a r	5.11
হ্যাঁ	h æ	5.11
অল্প	ɔ l . p o	5.10
আদালতে	a . d̪ a . l ɔ . t̪ e	5.10
আধুনিক	a . d̪ʱ u . n i k	5.10
কম্পিউটার	k ɔ m . p iu̯ . ʈ a r	5.10
করেনি	k ɔ . r e . n i	5.10
কারাগারে	k a . r a . g a . r e	5.10
কোম্পানি	k o m . p a . n i	5.10
গিয়েছে	g i . e . tʃʰ e	5.10
জমি	dʒ o . m i	5.10
জিনিস	dʒ i . n i ʃ	5.10
জেনে	dʒ e . n e	5.10
তরুণ	t̪ o . r u n	5.10
নম্বর	n ɔ m . b o r	5.10
পরামর্শ	p ɔ . r a . m ɔ r . ʃ o	5.10
প্রচুর	p r o . tʃ u r	5.10
প্রতিনিধি	p r o . t̪ i . n i . d̪ʱ i	5.10
বক্তব্য	b ɔ k . t̪ o b . b o	5.10
বাধা	b a . d̪ʱ a	5.10
ভেবে	bʱ e . b e	5.10
মজার	m ɔ . dʒ a r	5.10
মান	m a n	5.10
মামলায়	m a m . l ae̯	5.10
লক্ষ্যে	l o k . kʰ e	5.10
সবসময়	ʃ ɔ b . ʃ o . m ɔe̯	5.10
সমান	ʃ ɔ . m a n	5.10
সম্পদ	ʃ ɔ m . p ɔ d̪	5.10
স্বাভাবিক	ʃ a . bʱ a . b i k	5.10
অধ্যাপক	ɔ d̪ . d̪ʱ a . p ɔ k	5.09
অবশেষে	ɔ . b o . ʃ e . ʃ e	5.09
আইনের	ai̯ . n e r	5.09
কৃষি	k r i . ʃ i	5.09
গুরুত্ব	g u . r u t̪ . t̪ o	5.09
চিহ্নিত	tʃ i n . h i . t̪ o	5.09
চোখের	tʃ o . kʰ e r	5.09
জোর	dʒ o r	5.09
জ্ঞান	g æ n	5.09
ঢাকায়	ɖʱ a . k ae̯	5.09
তীব্র	t̪ i b . r o	5.09
থাকি	t̪ʰ a . k i	5.09
দিবে	d̪ i . b e	5.09
নির্দিষ্ট	n i r . d̪ i ʃ . ʈ o	5.09
পার্টি	p a r . ʈ i	5.09
বিজ্ঞান	b i g . g a n	5.09
ব্যবসায়ী	b æ b . ʃ a . i	5.09
মসজিদ	m o ʃ . dʒ i d̪	5.09
যাক	dʒ a k	5.09
যাচ্ছেন	dʒ a tʃ . tʃʰ e n	5.09
রাতের	r a . t̪ e r	5.09
লম্বা	l ɔ m . b a	5.09
লোকজন	l o k . dʒ o n	5.09
শিক্ষার্থীদের	ʃ i k . kʰ a r . t̪ʰ i . d̪ e r	5.09
শিল্পী	ʃ i l . p i	5.09
সংস্থার	ʃ ɔ ŋ s . t̪ʰ a r	5.09
অনুসরণ	o . n u . ʃ ɔ . r o n	5.08
আসলেই	a . ʃ o . l ei̯	5.08
করলো	k o r . l o	5.08
চলবে	tʃ o l . b e	5.08
চিঠি	tʃ i . ʈʰ i	5.08
জল	dʒ ɔ l	5.08
জানাতে	dʒ a . n a . t̪ e	5.08
জি	dʒ i	5.08
জীবিত	dʒ i . b i . t̪ o	5.08
ডি	ɖ i	5.08
তেল	t̪ e l	5.08
ধরতে	d̪ʱ o r . t̪ e	5.08
নাটক	n a . ʈ o k	5.08
প্রকল্পের	p r o . k ɔ l . p e r	5.08
প্রকৃত	p r o . k r i . t̪ o	5.08
প্রক্রিয়া	p r o k . r i . a	5.08
বলছি	b o l . tʃʰ i	5.08
বাঙালি	b a ŋ . a . l i	5.08
ব্রিটিশ	b r i . ʈ i ʃ	5.08
ভেতরে	bʱ e . t̪ o . r e	5.08
মডেল	m ɔ . ɖ e l	5.08
মধ্যেই	m o d̪ . d̪ʱ ei̯	5.08
মিয়া	m i . a	5.08
মিলে	m i . l e	5.08
লা	l a	5.08
লাশ	l a ʃ	5.08
স্যার	s a r	5.08
অথচ	ɔ . t̪ʰ o . tʃ o	5.07
অনুবাদ	o . n u . b a d̪	5.07
আই	ai̯	5.07
আব্দুল	a b . d̪ u l	5.07
আরেকটি	a . r e k . ʈ i	5.07
উদ্বোধন	u d̪ . b o . d̪ʱ o n	5.07
ওর	o r	5.07
ওরা	o . r a	5.07
করিয়ে	k o . r i . e	5.07
কর্তৃপক্ষ	k o r . t̪ r i . p o k . kʰ o	5.07
কেনো	k e . n o	5.07
গোল	g o l	5.07
ছবিটি	tʃʰ o . b i . ʈ i	5.07
জানানো	dʒ a . n a . n o	5.07
ডাক্তার	ɖ a k . t̪ a r	5.07
দয়া	d̪ ɔe̯ . a	5.07
দারুণ	d̪ a . r u n	5.07
দি	d̪ i	5.07
দিল	d̪ i l	5.07
দ্য	d̪ a	5.07
পরিষদের	p o . r i . ʃ ɔ . d̪ e r	5.07
প্রতিযোগিতা	p r o . t̪ i . dʒ o . g i . t̪ a	5.07
প্রাপ্ত	p r a p . t̪ o	5.07
ফুল	f u l	5.07
বিজয়	b i . dʒ ɔe̯	5.07
ভালোবাসা	bʱ a . l o . b a . ʃ a	5.07
ভেঙে	bʱ e ŋ . e	5.07
মি	m i	5.07
মুহাম্মদ	m u . h a m . m o d̪	5.07
যেভাবে	dʒ e . bʱ a . b e	5.07
লাইন	l ai̯ n	5.07
লাগছে	l a g . tʃʰ e	5.07
শিশুদের	ʃ i . ʃ u . d̪ e r	5.07
সতর্ক	ʃ ɔ . t̪ o r . k o	5.07
সন্দেহ	ʃ ɔ n . d̪ e . h o	5.07
স্থায়ী	s t̪ʰ a . i	5.07
অতি	o . t̪ i	5.06
অনুমোদন	o . n u . m o . d̪ o n	5.06
উক্ত	u k . t̪ o	5.06
কমে	k o . m e	5.06
খালি	kʰ a . l i	5.06
চমৎকার	tʃ ɔ . m o t̪ . k a r	5.06
চলতে	tʃ o l . t̪ e	5.06
জনাব	dʒ ɔ . n a b	5.06
ট্রেন	ʈ r e n	5.06
দশ	d̪ ɔ ʃ	5.06
দান	d̪ a n	5.06
নং	n ɔ ŋ	5.06
নির্যাতন	n i r . dʒ a . t̪ o n	5.06
নীল	n i l	5.06
পরিবর্তনের	p o . r i . b ɔ r . t̪ o . n e r	5.06
সদস্যদের	ʃ ɔ . d̪ o s . s o . d̪ e r	5.06
সমালোচনা	ʃ ɔ . m a . l o . tʃ o . n a	5.06
সাধারণত	ʃ a . d̪ʱ a . r ɔ . n o . t̪ o	5.06
সিরিজ	s i . r i dʒ	5.06
স্কুলের	s k u . l e r	5.06
হবেন	h ɔ . b e n	5.06
আর্থিক	a r . t̪ʰ i k	5.05
আসেন	a . ʃ e n	5.05
উন্নয়নের	u n . n oe̯ . o . n e r	5.05
এইসব	ei̯ . ʃ ɔ b	5.05
একেবারে	æ . k e . b a . r e	5.05
করতেন	k o r . t̪ e n	5.05
জনতা	dʒ ɔ . n o . t̪ a	5.05
জমা	dʒ ɔ . m a	5.05
থানা	t̪ʰ a . n a	5.05
নিয়ম	n i . o m	5.05
নেমে	n e . m e	5.05
প্রস্তুতি	p r o s . t̪ u . t̪ i	5.05
বাংলাদেশী	b a ŋ . l a . d̪ e . ʃ i	5.05
বেছে	b e . tʃʰ e	5.05
ব্যবহারের	b æ . b o . h a . r e r	5.05
ব্যস্ত	b æ s . t̪ o	5.05
ব্যাখ্যা	b æ k . kʰ a	5.05
ভবিষ্যৎ	bʱ o . b i ʃ . ʃ ɔ t̪	5.05
যাচ্ছি	dʒ a tʃ . tʃʰ i	5.05
যাবার	dʒ a . b a r	5.05
যাবেন	dʒ a . b e n	5.05
শরীর	ʃ o . r i r	5.05
শাহ	ʃ a h	5.05
সংশ্লিষ্ট	ʃ ɔ ŋ . ʃ l i ʃ . ʈ o	5.05
সত্যিই	ʃ o t̪ . t̪ ii̯	5.05
অঞ্চলে	ɔ n . tʃ ɔ . l e	5.04
অফিস	ɔ . f i s	5.04
আমেরিকার	a . m e . r i . k a r	5.04
উৎপাদন	u t̪ . p a . d̪ o n	5.04
কারা	k a . r a	5.04
জিজ্ঞেস	dʒ i g . g e ʃ	5.04
তোলা	t̪ o . l a	5.04
পরীক্ষার	p o . r i k . kʰ a r	5.04
পাগল	p a . g o l	5.04
পাশ	p a ʃ	5.04
পিছনে	p i . tʃʰ o . n e	5.04
পেয়েছেন	p e . e̯e . tʃʰ e n	5.04
প্রাকৃতিক	p r a . k r i . t̪ i k	5.04
প্রেম	p r e m	5.04
বৃষ্টি	b r i ʃ . ʈ i	5.04
বেলা	b æ . l a	5.04
ভিত্তিক	bʱ i t̪ . t̪ i k	5.04
যুদ্ধে	dʒ u d̪ . d̪ʱ e	5.04
লোকের	l o . k e r	5.04
শিক্ষার	ʃ i k . kʰ a r	5.04
সন্ত্রাসী	ʃ ɔ n . t̪ r a . ʃ i	5.04
সবুজ	s o . b u dʒ	5.04
সেগুলো	ʃ e . g u . l o	5.04
হাই	h ai̯	5.04
হুম	h u m	5.04
অনুভব	o . n u . bʱ ɔ b	5.03
আরেক	a . r e k	5.03
একসাথে	æ k . ʃ a . t̪ʰ e	5.03
এনে	e . n e	5.03
এল	e l	5.03
কলকাতা	k o l . k a . t̪ a	5.03
কলেজে	k ɔ . l e . dʒ e	5.03
কেন্দ্রে	k e n . d̪ r e	5.03
চাকরি	tʃ a k . r i	5.03
চ্যানেল	tʃ æ . n e l	5.03
তুলনায়	t̪ u . l o . n ae̯	5.03
ত্যাগ	t̪ æ g	5.03
দেশটির	d̪ e ʃ . ʈ i r	5.03
দ্যা	d̪ a	5.03
ধরণের	d̪ʱ ɔ . r o . n e r	5.03
নির্ভর	n i r . bʱ ɔ r	5.03
পণ্য	p o n . n o	5.03
পাখি	p a . kʰ i	5.03
পেলে	p e . l e	5.03
বিতরণ	b i . t̪ ɔ . r o n	5.03
বিশিষ্ট	b i . ʃ i ʃ . ʈ o	5.03
বেগম	b e . g ɔ m	5.03
ভূমি	bʱ u . m i	5.03
মনের	m o . n e r	5.03
যাও	dʒ ao̯	5.03
লিখেছেন	l i . kʰ e . tʃʰ e n	5.03
সম্প্রদায়ের	ʃ ɔ m . p r o . d̪ ae̯ . e r	5.03
সরবরাহ	ʃ ɔ r . b o . r a . h o	5.03
সিনেমা	s i . n e . m a	5.03
সূত্র	ʃ u t̪ . r o	5.03
অভিনেতা	o . bʱ i . n e . t̪ a	5.02
উপহার	u . p o . h a r	5.02
এশিয়া	e . ʃ i . a	5.02
কখন	k ɔ . kʰ o n	5.02
কাছাকাছি	k a . tʃʰ a . k a . tʃʰ i	5.02
কাপ	k a p	5.02
গ্যাস	g æ ʃ	5.02
ঘুম	gʱ u m	5.02
চিত্র	tʃ i t̪ . r o	5.02
জানার	dʒ a . n a r	5.02
জিয়া	dʒ i . a	5.02
দিলাম	d̪ i . l a m	5.02
দেখেছি	d̪ e . kʰ e . tʃʰ i	5.02
দোষ	d̪ o ʃ	5.02
ধারণ	d̪ʱ a . r o n	5.02
ধারা	d̪ʱ a . r a	5.02
নাম্বার	n a m . b a r	5.02
নিকট	n i . k ɔ ʈ	5.02
পৃথিবী	p r i . t̪ʰ i . b i	5.02
প্রতিবাদে	p r o . t̪ i . b a . d̪ e	5.02
প্রত্যেক	p r o t̪ . t̪ e k	5.02
প্রশ্নের	p r o ʃ . n e r	5.02
বিজয়ী	b i . dʒ oe̯ . i	5.02
বিবেচনা	b i . b e . tʃ ɔ . n a	5.02
বেসরকারি	b e . ʃ ɔ r . k a . r i	5.02
মানসিক	m a . n o . ʃ i k	5.02
যেটা	dʒ e . ʈ a	5.02
শনিবার	ʃ o . n i . b a r	5.02
শ্রেষ্ঠ	ʃ r e ʃ . ʈʰ o	5.02
সংযোগ	ʃ ɔ ŋ . dʒ o g	5.02
সম্মেলন	ʃ ɔ m . m e . l ɔ n	5.02
সীমান্ত	ʃ i . m a n . t̪ o	5.02
অদ্ভুত	ɔ d̪ . bʱ u t̪	5.01
অনেকটা	ɔ . n e k . ʈ a	5.01
আফ্রিকার	a f . r i . k a r	5.01
আবদুল	a b . d̪ u l	5.01
উপাদান	u . p a . d̪ a n	5.01
খেলতে	kʰ e l . t̪ e	5.01
গানের	g a . n e r	5.01
চরিত্র	tʃ o . r i t̪ . r o	5.01
ছোট্ট	tʃʰ o ʈ . ʈ ɔ	5.01
টু	ʈ u	5.01
দৃশ্য	d̪ r i ʃ . ʃ o	5.01
নেতাদের	n e . t̪ a . d̪ e r	5.01
নেয়ার	n e . a r	5.01
পারলে	p a r . l e	5.01
পুরনো	p u . r o . n o	5.01
পৃথিবীতে	p r i . t̪ʰ i . b i . t̪ e	5.01
পৌঁছে	p ou̯ . tʃʰ e	5.01
প্রতিরোধ	p r o . t̪ i . r o d̪ʱ	5.01
বলেছিলেন	b o . l e . tʃʰ i . l e n	5.01
বসবাস	b ɔ . ʃ o . b a ʃ	5.01
ভিত্তিতে	bʱ i t̪ . t̪ i . t̪ e	5.01
লিখে	l i . kʰ e	5.01
শুরুর	ʃ u . r u r	5.01
সপ্তাহে	s ɔ p . t̪ a . h e	5.01
সম্ভাবনা	ʃ ɔ m . bʱ a . b o . n a	5.01
সেটি	ʃ e . ʈ i	5.01
অভিজ্ঞতা	o . bʱ i g . g o . t̪ a	5.00
অসুস্থ	ɔ . ʃ u s . t̪ʰ o	5.00
কর্মসূচি	k ɔ r . m o . ʃ u . tʃ i	5.00
জরুরী	dʒ o . r u . r i	5.00
থাক	t̪ʰ a k	5.00
দাবিতে	d̪ a . b i . t̪ e	5.00
দুর্নীতি	d̪ u r . n i . t̪ i	5.00
দেখলাম	d̪ e kʰ . l a m	5.00
নীতি	n i . t̪ i	5.00
পারেনি	p a . r e . n i	5.00
পূর্বে	p u r . b e	5.00
প্রতীক	p r o . t̪ i k	5.00
বলো	b ɔ . l o	5.00
বিল	b i l	5.00
বেশিরভাগ	b e . ʃ i r . bʱ a g	5.00
বোর্ড	b o r ɖ	5.00
ব্যাংকের	b æ ŋ . k e r	5.00
মন্ত্রণালয়	m o n . t̪ r o . n a . l oe̯	5.00
মুক্তির	m u k . t̪ i r	5.00
মেরে	m e . r e	5.00
ম্যাচে	m æ . tʃ e	5.00
শাসন	ʃ a . ʃ o n	5.00
শ্রদ্ধা	s r o d̪ . d̪ʱ a	5.00
সবকিছু	ʃ ɔ b . k i . tʃʰ u	5.00
সুপার	s u . p a r	5.00
অবাক	ɔ . b a k	4.99
অ্যান্ড	æ n ɖ	4.99
কঠোর	k ɔ . ʈʰ o r	4.99
কতটা	k ɔ . t̪ o . ʈ a	4.99
কথায়	k ɔ . t̪ʰ ae̯	4.99
কমিশন	k ɔ . m i . ʃ o n	4.99
খেলে	kʰ e . l e	4.99
দায়ী	d̪ a . i	4.99
ধর্মের	d̪ʱ ɔ r . m e r	4.99
নন	n ɔ n	4.99
নিয়েছেন	n i . e . tʃʰ e n	4.99
নেওয়ার	n eo̯ . a r	4.99
পদক্ষেপ	p ɔ . d̪ o k . kʰ e p	4.99
পাচ্ছে	p a tʃ . tʃʰ e	4.99
প্রয়োগ	p r oe̯ . o g	4.99
প্রয়োজনীয়	p r oe̯ . o . dʒ o . n i . o	4.99
ফর	f ɔ r	4.99
বন্ধুদের	b o n . d̪ʱ u . d̪ e r	4.99
বন্ধুরা	b o n . d̪ʱ u . r a	4.99
বাজে	b a . dʒ e	4.99
বার্তা	b a r . t̪ a	4.99
মন্ত্রণালয়ের	m ɔ n . t̪ r o . n a . l ɔe̯ . e r	4.99
মহিলাদের	m o . h i . l a . d̪ e r	4.99
মুসলমান	m u . s o l . m a n	4.99
মেডিকেল	m e . ɖ i . k e l	4.99
রং	r ɔ ŋ	4.99
শুক্রবার	ʃ u k . r o . b a r	4.99
সরিয়ে	s o . r i . e	4.99
সেদিন	ʃ e . d̪ i n	4.99
অফিসে	ɔ . f i . s e	4.98
অভিনেত্রী	o . bʱ i . n e t̪ . r i	4.98
অসংখ্য	ɔ . s o ŋ . kʰ o	4.98
আচরণ	a . tʃ o . r o n	4.98
আদালতের	a . d̪ a . l ɔ . t̪ e r	4.98
আমাদেরকে	a . m a . d̪ e r . k e	4.98
আমেরিকা	a . m e . r i . k a	4.98
এসেছেন	e . ʃ e . tʃʰ e n	4.98
কিলোমিটার	k i . l o . m i . ʈ a r	4.98
কেন্দ্রের	k e n . d̪ r e r	4.98
কৌশল	k ou̯ . ʃ o l	4.98
খুলনা	kʰ u l . n a	4.98
ঘিরে	gʱ i . r e	4.98
চলেছে	tʃ o . l e . tʃʰ e	4.98
চুল	tʃ u l	4.98
ছেলের	tʃʰ e . l e r	4.98
জারি	dʒ a . r i	4.98
জেগে	dʒ e . g e	4.98
তবুও	t̪ o . b u . o	4.98
থেকেও	t̪ʰ e . k eo̯	4.98
দেখলে	d̪ e kʰ . l e	4.98
নিচের	n i . tʃ e r	4.98
পদ	p ɔ d̪	4.98
পুরোপুরি	p u . r o . p u . r i	4.98
প্রাণ	p r a n	4.98
ফেরত	f e . r o t̪	4.98
বয়সে	b ɔe̯ . o . ʃ e	4.98
বার্ষিক	b a r . ʃ i k	4.98
বিন	b i n	4.98
বিশ্বে	b i ʃ . ʃ e	4.98
বেতন	b e . t̪ o n	4.98
বোঝা	b o . dʒʱ a	4.98
মঙ্গলবার	m ɔ ŋ . g o l . b a r	4.98
মিছিল	m i . tʃʰ i l	4.98
যায়নি	dʒ ae̯ . n i	4.98
সাহিত্য	ʃ a . h i t̪ . t̪ o	4.98
স্মৃতি	s r i . t̪ i	4.98
হচ্ছেন	h o tʃ . tʃʰ e n	4.98
হাসি	h a . ʃ i	4.98
অনলাইনে	ɔ n . l ai̯ . n e	4.97
অস্ট্রেলিয়া	ɔ s . ʈ r e . l i . a	4.97
আবারও	a . b a r . o	4.97
ইতিহাসে	i . t̪ i . h a . ʃ e	4.97
কাদের	k a . d̪ e r	4.97
কার্ড	k a r ɖ	4.97
জনগণ	dʒ ɔ . n o . g ɔ n	4.97
দাবী	d̪ a . b i	4.97
দেখানো	d̪ æ . kʰ a . n o	4.97
নজর	n ɔ . dʒ o r	4.97
পারছি	p a r . tʃʰ i	4.97
পাস	p a ʃ	4.97
প্রবাসী	p r o . b a . ʃ i	4.97
বিদ্যালয়	b i d̪ . d̪ a . l oe̯	4.97
ভেতর	bʱ e . t̪ o r	4.97
মাহমুদ	m a h . m u d̪	4.97
যাব	dʒ a . b o	4.97
রেখেছে	r e . kʰ e . tʃʰ e	4.97
শুরুতে	ʃ u . r u . t̪ e	4.97
সমস্যার	ʃ ɔ . m o ʃ . ʃ a r	4.97
সমাবেশ	ʃ ɔ . m a . b e ʃ	4.97
সোমবার	s o m . b a r	4.97
হিসাব	h i . ʃ a b	4.97
অধিক	o . d̪ʱ i k	4.96
অফিসার	ɔ . f i . s a r	4.96
অভাব	ɔ . bʱ a b	4.96
আইনজীবী	a . i n . dʒ i . b i	4.96
আগামীকাল	a . g a . m i . k a l	4.96
আট	a ʈ	4.96
আদর্শ	a d̪ o r . ʃ o	4.96
আফ্রিকা	a f . r i . k a	4.96
আলম	a . l o m	4.96
ইতিহাসের	i . t̪ i . h a . ʃ e r	4.96
উদ্যোগে	u d̪ . d̪ o . g e	4.96
উনি	u . n i	4.96
একাধিক	æ . k a . d̪ʱ i k	4.96
এখানকার	e . kʰ a n . k a r	4.96
ওদের	o . d̪ e r	4.96
কখনোই	k ɔ . kʰ o . n oi̯	4.96
খানের	kʰ a . n e r	4.96
জেলে	dʒ e . l e	4.96
ডাক	ɖ a k	4.96
থাকবেন	t̪ʰ a k . b e n	4.96
দিলেন	d̪ i . l e n	4.96
দোকান	d̪ o . k a n	4.96
নির্ধারণ	n i r . d̪ʱ a . r o n	4.96
নির্মিত	n i r . m i . t̪ o	4.96
পার্থক্য	p a r . t̪ʰ o k . k o	4.96
প্রদর্শন	p r o . d̪ ɔ r . ʃ ɔ n	4.96
বলল	b o l . l o	4.96
বিকল্প	b i . k ɔ l . p o	4.96
যুক্তরাষ্ট্রে	dʒ u k . t̪ o . r a ʃ . ʈ r e	4.96
সংরক্ষণ	s ɔ ŋ . r ɔ k . kʰ ɔ n	4.96
সঙ্গীত	ʃ o ŋ . g i t̪	4.96
হাতের	h a . t̪ e r	4.96
অর্থনীতি	ɔ r . t̪ʰ o . n i . t̪ i	4.95
আবারো	a . b a . r o	4.95
উইকেট	u̯i . k e ʈ	4.95
এটাকে	e . ʈ a . k e	4.95
ক্ষুদ্র	kʰ u d̪ . r o	4.95
চলমান	tʃ ɔ . l o . m a n	4.95
চেয়েও	tʃ e . eo̯	4.95
জরুরি	dʒ o . r u . r i	4.95
জাতিসংঘের	dʒ a . t̪ i . ʃ ɔ ŋ . gʱ e r	4.95
জিয়ার	dʒ i . a r	4.95
দলীয়	d̪ o . l io̯	4.95
নিচ্ছে	n i tʃ . tʃʰ e	4.95
পত্রিকা	p o t̪ . r i . k a	4.95
বাস্তব	b a s . t̪ o b	4.95
বিপুল	b i . p u l	4.95
মুক্তিযোদ্ধা	m u k . t̪ i . dʒ o d̪ . d̪ʱ a	4.95
মুহূর্তে	m u . h u r . t̪ e	4.95
যেত	dʒ e . t̪ o	4.95
রাজি	r a . dʒ i	4.95
রাশিয়া	r a . ʃ i . a	4.95
রাস্তার	r a s . t̪ a r	4.95
সংসদের	ʃ ɔ ŋ . ʃ ɔ . d̪ e r	4.95
সমাজে	ʃ ɔ . m a . dʒ e	4.95
সম্পর্কিত	s ɔ m . p o r . k i . t̪ o	4.95
সরে	ʃ o . r e	4.95
সাধারন	ʃ a . d̪ʱ a . r o n	4.95
আবিষ্কার	a . b i ʃ . k a r	4.94
ইরানের	i . r a . n e r	4.94
উল্লেখযোগ্য	u l . l e kʰ . dʒ o g . g o	4.94
কংগ্রেস	k ɔ ŋ . g r e s	4.94
জবাব	dʒ ɔ . b a b	4.94
জর্জ	dʒ ɔ r dʒ	4.94
টেলিভিশন	ʈ e . l i . bʱ i . ʃ o n	4.94
থাকুন	t̪ʰ a . k u n	4.94
দলকে	d̪ ɔ l . k e	4.94
দিয়েছিলেন	d̪ i . e . tʃʰ i . l e n	4.94
নই	n oi̯	4.94
নেবে	n e . b e	4.94
পতাকা	p ɔ . t̪ a . k a	4.94
পাথর	p a . t̪ʰ o r	4.94
পাবলিক	p a b . l i k	4.94
প্রশংসা	p r o . ʃ o ŋ . ʃ a	4.94
বাচ্চা	b a tʃ . tʃ a	4.94
বুধবার	b u d̪ʱ . b a r	4.94
ভিত্তি	bʱ i t̪ . t̪ i	4.94
মাটিতে	m a . ʈ i . t̪ e	4.94
রান্না	r a n . n a	4.94
লোকদের	l o k . d̪ e r	4.94
শাখা	ʃ a . kʰ a	4.94
সকলের	ʃ ɔ . k o . l e r	4.94
সন্ধ্যা	s o n . d̪ʱ a	4.94
সাংবাদিকদের	ʃ a ŋ . b a . d̪ i k . d̪ e r	4.94
সাহেব	ʃ a . h e b	4.94
সেনাবাহিনী	ʃ e . n a . b a . h i . n i	4.94
স্বীকৃতি	ʃ i k . r i . t̪ i	4.94
হাজির	h a . dʒ i r	4.94
অধিনায়ক	o . d̪ʱ i . n ae̯ . o k	4.93
অনুষ্ঠানের	o . n u ʃ . ʈʰ a . n e r	4.93
অভিনন্দন	o . bʱ i . n ɔ n . d̪ ɔ n	4.93
ইসলামিক	i s . l a . m i k	4.93
কাজী	k a . dʒ i	4.93
গ্রুপের	g r u . p e r	4.93
ঘরের	gʱ ɔ . r e r	4.93
জটিল	dʒ o . ʈ i l	4.93
তথা	t̪ ɔ . t̪ʰ a	4.93
তুলতে	t̪ u l . t̪ e	4.93
দেবেন	d̪ e . b e n	4.93
নজরুল	n o dʒ . r u l	4.93
পরাজিত	p ɔ . r a . dʒ i . t̪ o	4.93
পর্ব	p ɔ r . b o	4.93
পেয়েছি	p e . e . tʃʰ i	4.93
প্রশাসন	p r o . ʃ a . ʃ o n	4.93
প্রার্থনা	p r a r . t̪ʰ o . n a	4.93
ফেলা	f æ . l a	4.93
বহন	b ɔ . h o n	4.93
বিশ্বকাপের	b i ʃ . ʃ o . k a . p e r	4.93
বুঝে	b u . dʒʱ e	4.93
বৃদ্ধির	b r i d̪ . d̪ʱ i r	4.93
ব্যয়	b æe̯	4.93
ভ্রমণ	bʱ r o . m o n	4.93
মাংস	m a ŋ . ʃ o	4.93
রয়েছেন	r o . e . tʃʰ e n	4.93
রাখুন	r a . kʰ u n	4.93
রাশিয়ার	r a . ʃ i . a r	4.93
শিশুর	ʃ i . ʃ u r	4.93
শীঘ্রই	ʃ i gʱ . r oi̯	4.93
শ্রমিকদের	s r o . m i k . d̪ e r	4.93
সত্ত্বেও	s o t̪ . t̪ eu̯	4.93
সফরে	s ɔ . f o . r e	4.93
সুস্থ	ʃ u s . t̪ʰ o	4.93
হই	h oi̯	4.93
হযরত	h ɔ dʒ . r o t̪	4.93
অভিযুক্ত	o . bʱ i . dʒ u k . t̪ o	4.92
আউট	a . u ʈ	4.92
আবুল	a . b u l	4.92
ইচ্ছে	i tʃ . tʃʰ e	4.92
উন্মুক্ত	u n . m u k . t̪ o	4.92
এশিয়ার	e . ʃ i . a r	4.92
ওয়েব	o . e b	4.92
কুমিল্লা	k u . m i l . l a	4.92
গাছের	g a . tʃʰ e r	4.92
গুগল	g u . g o l	4.92
চীনা	tʃ i . n a	4.92
জনকে	dʒ ɔ n . k e	4.92
জেলায়	dʒ e . l ae̯	4.92
ডিম	ɖ i m	4.92
তম	t̪ ɔ . m o	4.92
নিষেধাজ্ঞা	n i . ʃ e . d̪ʱ a g . g a	4.92
বজায়	b ɔ . dʒ ae̯	4.92
বলেই	b o . l ei̯	4.92
বাংলাদেশি	b a ŋ . l a . d̪ e . ʃ i	4.92
বিভাগে	b i . bʱ a . g e	4.92
ব্লক	b l ɔ k	4.92
ভিতরে	bʱ i . t̪ o . r e	4.92
মুসলমানদের	m u . s o l . m a n . d̪ e r	4.92
রাষ্ট্রীয়	r a s . ʈ r i . o	4.92
সংঘর্ষ	ʃ ɔ ŋ . gʱ ɔ r . ʃ o	4.92
সংযুক্ত	ʃ ɔ ŋ . dʒ u k . t̪ o	4.92
সহজে	ʃ ɔ . h o . dʒ e	4.92
সেটাই	ʃ e . ʈ ai̯	4.92
সেতু	ʃ e . t̪ u	4.92
অজানা	ɔ . dʒ a . n a	4.91
অব্যাহত	ɔ b . b æ . h o . t̪ o	4.91
উৎস	u t̪ . ʃ o	4.91
এমপি	e m . p i	4.91
কিনে	k i . n e	4.91
গঠিত	g o . ʈʰ i . t̪ o	4.91
গেলাম	g e . l a m	4.91
ঘৃণা	gʱ r i . n a	4.91
চাইতে	tʃ ai̯ . t̪ e	4.91
দুটো	d̪ u . ʈ o	4.91
দুর্বল	d̪ u r . b ɔ l	4.91
দৃষ্টি	d̪ r i ʃ . ʈ i	4.91
প্রাচীন	p r a . tʃ i n	4.91
বইয়ের	b oi̯ . e r	4.91
বরিশাল	b o . r i . ʃ a l	4.91
বিতর্ক	b i . t̪ ɔ r . k o	4.91
বীর	b i r	4.91
ভাবতে	bʱ a b . t̪ e	4.91
মাটি	m a . ʈ i	4.91
মানুষদের	m a . n u ʃ . d̪ e r	4.91
যাত্রী	dʒ a t̪ . r i	4.91
যোগদান	dʒ o g . d̪ a n	4.91
রাখেন	r a . kʰ e n	4.91
রুশ	r u ʃ	4.91
রেডিও	r e . ɖ i . o	4.91
লোকেরা	l o . k e . r a	4.91
শারীরিক	ʃ a . r i . r i k	4.91
সফর	s ɔ . f o r	4.91
সম্পর্কের	ʃ ɔ m . p o r . k e r	4.91
সহযোগিতা	ʃ ɔ . h o . dʒ o . g i . t̪ a	4.91
সেন্টার	s e n . ʈ a r	4.91
সৈয়দ	s oi̯ . o d̪	4.91
স্ত্রীর	s t̪ r i r	4.91
হাসপাতাল	h a ʃ . p a . t̪ a l	4.91
অবদান	ɔ . b o . d̪ a n	4.90
অর্ডার	ɔ r . ɖ a r	4.90
ঈদ	i d̪	4.90
উঠতে	u ʈʰ . t̪ e	4.90
উদযাপন	u d̪ . dʒ a . p o n	4.90
উপ	u . p o	4.90
উপস্থাপন	u . p o s . t̪ʰ a . p o n	4.90
কবে	k ɔ . b e	4.90
করেছিলাম	k o . r e . tʃʰ i . l a m	4.90
কর্মীদের	k o r . m i . d̪ e r	4.90
কিছুদিন	k i . tʃʰ u . d̪ i n	4.90
গোয়েন্দা	g o . e n . d̪ a	4.90
জাহাজ	dʒ a . h a dʒ	4.90
টিম	ʈ i m	4.90
ডেস্ক	ɖ e s k	4.90
দিচ্ছেন	d̪ i tʃ . tʃʰ e n	4.90
দুধ	d̪ u d̪ʱ	4.90
নির্মাণের	n i r . m a . n e r	4.90
নির্যাতনের	n i r . dʒ a . t̪ o . n e r	4.90
পরবর্তীতে	p ɔ . r o . b o r . t̪ i . t̪ e	4.90
পরিবর্তে	p o . r i . b ɔ r . t̪ e	4.90
পানিতে	p a . n i . t̪ e	4.90
পূরণ	p u . r o n	4.90
পেলাম	p e . l a m	4.90
প্রদেশের	p r o . d̪ e . ʃ e r	4.90
মিষ্টি	m i ʃ . ʈ i	4.90
মুছে	m u . tʃʰ e	4.90
যাবো	dʒ a . b o	4.90
যেই	dʒ ei̯	4.90
শোনা	ʃ o . n a	4.90
সদস্যরা	ʃ ɔ . d̪ o ʃ . ʃ o . r a	4.90
সহ্য	ʃ o dʒ . dʒʱ o	4.90
সাফল্য	ʃ a . f o l . l o	4.90
অঞ্চল	ɔ n . tʃ ɔ l	4.89
অলিম্পিক	ɔ . l i m . p i k	4.89
আনার	a . n a r	4.89
ইন্টারন্যাশনাল	i n . ʈ a r . n æ ʃ . n a l	4.89
ইমাম	i . m a m	4.89
কন্যা	k o n . n a	4.89
চিনি	tʃ i . n i	4.89
চুপ	tʃ u p	4.89
ছুটি	tʃʰ u . ʈ i	4.89
জেল	dʒ e l	4.89
ঝুঁকি	dʒʱ u . k i	4.89
তাও	t̪ ao̯	4.89
তারকা	t̪ a . r o . k a	4.89
থাকলেও	t̪ʰ a k . l eo̯	4.89
দুপুর	d̪ u . p u r	4.89
দেখাতে	d̪ æ . kʰ a . t̪ e	4.89
নবী	n o . b i	4.89
প্রতিষ্ঠাতা	p r o . t̪ i s . ʈʰ a . t̪ a	4.89
বাবু	b a . b u	4.89
ব্যথা	b æ . t̪ʰ a	4.89
ভালোবাসি	bʱ a . l o . b a . ʃ i	4.89
মানবাধিকার	m a . n o . b a . d̪ʱ i . k a r	4.89
রহমানের	r ɔ . h o . m a . n e r	4.89
রূপ	r u p	4.89
সংগ্রাম	ʃ ɔ ŋ . g r a m	4.89
সন্তানের	ʃ ɔ n . t̪ a . n e r	4.89
সমগ্র	ʃ ɔ . m o g . r o	4.89
সরকারকে	ʃ ɔ r . k a r . k e	4.89
সাহস	ʃ a . h o ʃ	4.89
অন্যদের	o n . n o . d̪ e r	4.88
অস্ট্রেলিয়ার	ɔ s . ʈ r e . l i . a r	4.88
আয়োজিত	ae̯ . o . dʒ i . t̪ o	4.88
ইউ	i̯u	4.88
উদাহরণ	u . d̪ a . h ɔ . r o n	4.88
উপজেলায়	u . p o . dʒ e . l ae̯	4.88
ওজন	o . dʒ o n	4.88
করছিল	k o r . tʃʰ i . l o	4.88
করতো	k o r . t̪ o	4.88
কেননা	k æ . n o . n a	4.88
ক্যামেরা	k æ . m e . r a	4.88
খেয়াল	kʰ e . a l	4.88
খোঁজ	kʰ o dʒ	4.88
টুইট	ʈ ui̯ ʈ	4.88
দরজা	d̪ ɔ r . dʒ a	4.88
দাস	d̪ a ʃ	4.88
দুর্ঘটনা	d̪ u r . gʱ ɔ . ʈ o . n a	4.88
দেই	d̪ ei̯	4.88
ন্যাশনাল	n æ ʃ . n a l	4.88
পি	p i	4.88
পুরুষের	p u . r u . ʃ e r	4.88
বাই	b ai̯	4.88
বাণিজ্য	b a . n i dʒ . dʒ o	4.88
বারবার	b a r . b a r	4.88
বিদেশী	b i . d̪ e . ʃ i	4.88
বিনিয়োগ	b i . n i . o g	4.88
ভরে	bʱ o . r e	4.88
মনোযোগ	m ɔ . n o . dʒ o g	4.88
মাঠ	m a ʈʰ	4.88
মাধ্যম	m a d̪ . d̪ʱ o m	4.88
মিনিটে	m i . n i . ʈ e	4.88
রাজ্যে	r a dʒ . dʒ e	4.88
লিখতে	l i kʰ . t̪ e	4.88
শপথ	ʃ ɔ . p o t̪ʰ	4.88
সপ্তাহের	ʃ ɔ p . t̪ a . h e r	4.88
সামনের	ʃ a m . n e r	4.88
সাম্প্রতিক	ʃ a m . p r o . t̪ i k	4.88
সিস্টেম	s i s . ʈ e m	4.88
সেনাবাহিনীর	ʃ e . n a . b a . h i . n i r	4.88
স্বাক্ষর	ʃ a k . kʰ o r	4.88
হোটেল	h o . ʈ e l	4.88
আগ্রহ	a g . r o . h o	4.87
আসন	a . ʃ o n	4.87
উপভোগ	u . p o . bʱ o g	4.87
এইটা	ei̯ . ʈ a	4.87
এটিকে	e . ʈ i . k e	4.87
কোরিয়ার	k o . r i . a r	4.87
চলাচল	tʃ ɔ . l a . tʃ ɔ l	4.87
ঢুকে	ɖʱ u . k e	4.87
তখনই	t̪ ɔ . kʰ o . n i	4.87
দেখেন	d̪ æ . kʰ e n	4.87
পরীক্ষায়	p o . r i k . kʰ ae̯	4.87
প্রথমবারের	p r o . t̪ʰ o m . b a r . e r	4.87
প্রেস	p r e s	4.87
ফেলেছে	f e . l e . tʃʰ e	4.87
ফ্রি	f r i	4.87
বন্দর	b ɔ n . d̪ o r	4.87
বাম	b a m	4.87
বৈঠক	b oi̯ . ʈʰ ɔ k	4.87
মাকে	m a . k e	4.87
মৌলিক	m ou̯ . l i k	4.87
যুব	dʒ u . b o	4.87
যৌথ	dʒ ou̯ . t̪ʰ o	4.87
রাগ	r a g	4.87
সমৃদ্ধ	s ɔ m . r i d̪ . d̪ʱ o	4.87
সম্মেলনে	ʃ ɔ m . m e . l o . n e	4.87
সা	s a	4.87
আপ	a p	4.86
আহমদ	a h . m o d̪	4.86
ইন্ডিয়া	i n . ɖ i . a	4.86
উদ্দিন	u d̪ . d̪ i n	4.86
এসো	e . ʃ o	4.86
করলেও	k o r . l eo̯	4.86
কেজি	k e . dʒ i	4.86
খেলায়	kʰ æ . l ae̯	4.86
গতি	g o . t̪ i	4.86
গোলে	g o l . e	4.86
চারটি	tʃ a r . ʈ i	4.86
চেহারা	tʃ e . h a . r a	4.86
ডেভিড	ɖ e . bʱ i ɖ	4.86
দুজন	d̪ u . dʒ ɔ n	4.86
ধর্ষণ	d̪ʱ ɔ r . ʃ o n	4.86
পরেও	p ɔ . r eo̯	4.86
পাঠ	p a ʈʰ	4.86
পায়ের	p a . e r	4.86
বললাম	b o l . l a m	4.86
বলুন	b o . l u n	4.86
বিবাহ	b i . b a . h o	4.86
মিটার	m i . ʈ a r	4.86
মিল	m i l	4.86
লেখার	l e . kʰ a r	4.86
শুভেচ্ছা	ʃ u . bʱ e tʃ . tʃʰ a	4.86
শোক	ʃ o k	4.86
সংখ্যক	ʃ ɔ ŋ . kʰ ɔ k	4.86
সংস্কার	ʃ ɔ ŋ s . k a r	4.86
সূর্য	ʃ u r . dʒ o	4.86
অধিকাংশ	o . d̪ʱ i . k a ŋ . ʃ o	4.85
অন্যের	o n . n e r	4.85
আগ্রহী	a g . r o . h i	4.85
আচ্ছা	a tʃ . tʃʰ a	4.85
আছো	a . tʃʰ o	4.85
আরবের	a . r o . b e r	4.85
ইংল্যান্ড	i ŋ . l æ n ɖ	4.85
উন্নতি	u n . n o . t̪ i	4.85
কারও	k a r . o	4.85
কিনতে	k i n . t̪ e	4.85
ক্ষমতার	kʰ ɔ . m o . t̪ a r	4.85
চতুর্থ	tʃ o . t̪ u r . t̪ʰ o	4.85
চাল	tʃ a l	4.85
চালানো	tʃ a . l a . n o	4.85
ছাত্রলীগের	tʃʰ a t̪ . r o . l i . g e r	4.85
জাপানের	dʒ a . p a . n e r	4.85
টাইমস	ʈ ai̯ m s	4.85
থানার	t̪ʰ a . n a r	4.85
ধর্মঘট	d̪ʱ ɔ r . m o . gʱ ɔ ʈ	4.85
নারীরা	n a . r i . r a	4.85
নিখোঁজ	n i . kʰ o dʒ	4.85
নির্ধারিত	n i r . d̪ʱ a . r i . t̪ o	4.85
পদত্যাগ	p ɔ . d̪ o . t̪ æ g	4.85
পরেই	p ɔ . r ei̯	4.85
পারিবারিক	p a . r i . b a . r i k	4.85
পার্ক	p a r k	4.85
প্রকাশের	p r o . k a . ʃ e r	4.85
বন্যা	b ɔ n . n a	4.85
বাসা	b a . ʃ a	4.85
বৃহস্পতিবার	b r i . h ɔ ʃ . p o . t̪ i . b a r	4.85
বোধ	b o d̪ʱ	4.85
ব্যবস্থাপনা	b æ . b o s . t̪ʰ a . p ɔ . n a	4.85
ব্যবস্থার	b æ . b o s . t̪ʰ a r	4.85
ব্রাজিল	b r a . dʒ i l	4.85
ভাইয়ের	bʱ ai̯ . e r	4.85
ভাব	bʱ a b	4.85
ভালবাসি	bʱ a . l o . b a . ʃ i	4.85
ভোটের	bʱ o . ʈ e r	4.85
মাথার	m a . t̪ʰ a r	4.85
মাধ্যমিক	m a d̪ . d̪ʱ o . m i k	4.85
মেজর	m e . dʒ o r	4.85
যুক্তি	dʒ u k . t̪ i	4.85
যেকোন	dʒ e . k o . n o	4.85
রবিবার	r o . b i . b a r	4.85
রাজনীতির	r a dʒ . n i . t̪ i r	4.85
রাষ্ট্রের	r a s . ʈ r e r	4.85
রেড	r e ɖ	4.85
শক্ত	ʃ ɔ k . t̪ o	4.85
শো	ʃ o	4.85
সংসদে	ʃ ɔ ŋ . ʃ o . d̪ e	4.85
সচেতন	ʃ ɔ . tʃ e . t̪ o n	4.85
সবই	ʃ ɔ b . i	4.85
সমিতির	ʃ o . m i . t̪ i r	4.85
সম্ভাব্য	ʃ ɔ m . bʱ a b . b o	4.85
সহজেই	ʃ ɔ . h o . dʒ ei̯	4.85
সোনা	s o . n a	4.85
স্পষ্ট	s p ɔ s . ʈ o	4.85
স্মরণ	ʃ ɔ . r o n	4.85
অংশে	ɔ ŋ . ʃ e	4.84
অনুভূতি	o . n u . bʱ u . t̪ i	4.84
অন্তর্ভুক্ত	ɔ n . t̪ o r . bʱ u k . t̪ o	4.84
অপর	ɔ . p o r	4.84
অস্তিত্ব	o s . t̪ i t̪ . t̪ o	4.84
আন্দোলনে	a n . d̪ o . l o . n e	4.84
ঈদের	i . d̪ e r	4.84
ঈশ্বরের	i ʃ . ʃ ɔ . r e r	4.84
কপি	k ɔ . p i	4.84
কামনা	k a . m o . n a	4.84
কৃষক	k r i . ʃ ɔ k	4.84
কোচ	k o tʃ	4.84
কোড	k o ɖ	4.84
গণতান্ত্রিক	g ɔ . n o . t̪ a n . t̪ r i k	4.84
গেছি	g æ . tʃʰ i	4.84
চিহ্ন	tʃ i n . h o	4.84
চেক	tʃ e k	4.84
ছাত্রী	tʃʰ a t̪ . r i	4.84
জিজ্ঞাসা	dʒ i g . g a . ʃ a	4.84
ডেকে	ɖ e . k e	4.84
পরিবারে	p o . r i . b a . r e	4.84
পায়ে	p a . e	4.84
প্রকার	p r o . k a r	4.84
প্রচলিত	p r o . tʃ o . l i . t̪ o	4.84
ফাইনালে	f ai̯ . n a . l e	4.84
বলবেন	b o l . b e n	4.84
বাসিন্দা	b a . ʃ i n . d̪ a	4.84
বিচ্ছিন্ন	b i tʃ . tʃʰ i n . n o	4.84
বিদেশে	b i . d̪ e . ʃ e	4.84
ভবনের	bʱ ɔ . b o . n e r	4.84
মর্যাদা	m ɔ r . dʒ a . d̪ a	4.84
যেকোনো	dʒ e . k o . n o	4.84
রা	r a	4.84
শাসক	ʃ a . ʃ o k	4.84
সমুদ্র	ʃ o . m u d̪ . r o	4.84
সাক্ষাৎ	ʃ a k . kʰ a t̪	4.84
সুতরাং	ʃ u . t̪ o . r a ŋ	4.84
স্থগিত	s t̪ʰ o . g i . t̪ o	4.84
আকাশ	a . k a ʃ	4.83
আত্মহত্যা	a t̪ . t̪ o . h o t̪ . t̪ a	4.83
আলোচনায়	a . l o . tʃ o . n ae̯	4.83
আলোচিত	a . l o . tʃ i . t̪ o	4.83
উপযুক্ত	u . p o . dʒ u k . t̪ o	4.83
উপরের	u . p o . r e r	4.83
কই	k oi̯	4.83
কলকাতার	k o l . k a . t̪ a r	4.83
ক্লাব	k l a b	4.83
ক্লাবের	k l a . b e r	4.83
ক্লাস	k l a s	4.83
গ্রহণের	g r o . h o . n e r	4.83
চাষ	tʃ a ʃ	4.83
জন্মদিন	dʒ ɔ n . m o . d̪ i n	4.83
জাপান	dʒ a . p a n	4.83
টানা	ʈ a . n a	4.83
দলটি	d̪ ɔ l . ʈ i	4.83
পরিবারকে	p o . r i . b a r . k e	4.83
পর্যটন	p ɔ r . dʒ o . ʈ o n	4.83
পারো	p a . r o	4.83
বর্ণিত	b o r . n i . t̪ o	4.83
বিরাট	b i . r a ʈ	4.83
ভালবাসা	bʱ a . l ɔ . b a . ʃ a	4.83
মাটির	m a . ʈ i r	4.83
রানে	r a . n e	4.83
সংগঠনের	ʃ ɔ ŋ . g ɔ . ʈʰ o . n e r	4.83
সিরিজের	s i . r i . dʒ e r	4.83
সুন্দরী	ʃ u n . d̪ o . r i	4.83
স্বাগত	ʃ a . g o . t̪ o	4.83
হালকা	h a l . k a	4.83
অন	ɔ n	4.82
আসি	a . ʃ i	4.82
উজ্জ্বল	u dʒ . dʒ ɔ l	4.82
ঋণ	r i n	4.82
এখনই	æ . kʰ o n . i	4.82
কারাদণ্ড	k a . r a . d̪ ɔ n . ɖ o	4.82
কিছুর	k i . tʃʰ u r	4.82
কুকুর	k u . k u r	4.82
তোলার	t̪ o . l a r	4.82
তোলে	t̪ o . l e	4.82
ধাক্কা	d̪ʱ a k . k a	4.82
নেটওয়ার্ক	n e ʈ . o . a r k	4.82
পক্ষের	p ɔ k . kʰ e r	4.82
প্রদানের	p r o . d̪ a . n e r	4.82
ফেরার	f e . r a r	4.82
বন্দী	b o n . d̪ i	4.82
বিগত	b i . g ɔ . t̪ o	4.82
মিনিটের	m i . n i . ʈ e r	4.82
মুখের	m u . kʰ e r	4.82
যুগে	dʒ u . g e	4.82
যেগুলো	dʒ e . g u . l o	4.82
লিখিত	l i . kʰ i . t̪ o	4.82
শত্রু	ʃ o t̪ . r u	4.82
শান্ত	ʃ a n . t̪ o	4.82
শ্রেণীর	s r e . n i r	4.82
সংবিধান	ʃ ɔ ŋ . b i . d̪ʱ a n	4.82
সদস্যের	ʃ ɔ . d̪ o ʃ . ʃ e r	4.82
সাইট	s ai̯ ʈ	4.82
অপরাধের	ɔ . p o . r a . d̪ʱ e r	4.81
অবস্থার	ɔ . b o s . t̪ʰ a r	4.81
অর্ধেক	ɔ r . d̪ʱ e k	4.81
অসম্ভব	ɔ . ʃ o m . bʱ ɔ b	4.81
উঁচু	u . tʃ u	4.81
একদম	æ k . d̪ ɔ m	4.81
এভাবেই	e . bʱ a . b ei̯	4.81
করতাম	k o r . t̪ a m	4.81
ঘটছে	gʱ o ʈ . tʃʰ e	4.81
চ্যালেঞ্জ	tʃ æ . l e n dʒ	4.81
দপ্তর	d̪ ɔ p . t̪ o r	4.81
দেখছি	d̪ e kʰ . tʃʰ i	4.81
পত্রিকার	p o t̪ . r i . k a r	4.81
পদক	p ɔ . d̪ o k	4.81
পাচ্ছেন	p a tʃ . tʃʰ e n	4.81
পালিত	p a . l i . t̪ o	4.81
প্রতিযোগিতার	p r o . t̪ i . dʒ o . g i . t̪ a r	4.81
ফেলতে	f e l . t̪ e	4.81
ফোনে	f o . n e	4.81
বন্ধুর	b o n . d̪ʱ u r	4.81
বলেছি	b o . l e . tʃʰ i	4.81
বাংলায়	b a ŋ . l ae̯	4.81
বাইরের	b ai̯ . r e r	4.81
বানানো	b a . n a . n o	4.81
বিদ্যালয়ে	b i d̪ . d̪ a . l o . e	4.81
বিনামূল্যে	b i . n a . m u l . l e	4.81
ভাবনা	bʱ a b . n a	4.81
মার	m a r	4.81
মিউজিক	m iu̯ . dʒ i k	4.81
মেলা	m e . l a	4.81
রানের	r a . n e r	4.81
লন্ডন	l ɔ n . ɖ o n	4.81
সন্ধান	ʃ ɔ n . d̪ʱ a n	4.81
সভায়	ʃ ɔ . bʱ ae̯	4.81
সাগর	ʃ a . g o r	4.81
স্টার	s ʈ a r	4.81
হ্যা	h æ	4.81
অতিক্রম	o . t̪ i . k r ɔ m	4.80
আকর্ষণ	a . k o r . ʃ o n	4.80
ইতিমধ্যে	i . t̪ i . m o d̪ . d̪ʱ e	4.80
উপস্থিতি	u . p o s . t̪ʰ i . t̪ i	4.80
একজনের	æ k . dʒ o . n e r	4.80
কর্পোরেশন	k ɔ r . p o . r e . ʃ ɔ n	4.80
কাটা	k a . ʈ a	4.80
ক্লিক	k l i k	4.80
গুরুতর	g u . r u . t̪ ɔ . r o	4.80
গ্রহন	g r o . h o n	4.80
চলুন	tʃ o . l u n	4.80
চিকিৎসার	tʃ i . k i t̪ . ʃ a r	4.80
চিৎকার	tʃ i t̪ . k a r	4.80
জানিনা	dʒ a . n i . n a	4.80
ডট	ɖ ɔ ʈ	4.80
ডিজাইন	ɖ i . dʒ ai̯ n	4.80
পছন্দের	p ɔ . tʃʰ o n . d̪ e r	4.80
পারব	p a r . b o	4.80
পূজা	p u . dʒ a	4.80
পৌর	p ou̯ . r o	4.80
প্রায়ই	p r ae̯ . i	4.80
বন	b ɔ n	4.80
বলবে	b o l . b e	4.80
বাতাস	b a . t̪ a ʃ	4.80
বিজ্ঞাপন	b i g . g a . p o n	4.80
বিপ্লব	b i p . l ɔ b	4.80
বুক	b u k	4.80
মাইল	m ai̯ l	4.80
মানের	m a . n e r	4.80
মো	m o	4.80
যেটি	dʒ e . ʈ i	4.80
যোগ্যতা	dʒ o g . g o . t̪ a	4.80
রাজনীতিতে	r a dʒ . n i . t̪ i . t̪ e	4.80
রোগের	r o . g e r	4.80
শ্রী	s r i	4.80
সংক্ষিপ্ত	ʃ o ŋ . kʰ i p . t̪ o	4.80
সেক্স	s e k s	4.80
স্টেশন	s ʈ e . ʃ ɔ n	4.80
হচ্ছিল	h o tʃ . tʃʰ i . l o	4.80
হয়েছিলেন	h o . e . tʃʰ i . l e n	4.80
অনেকের	ɔ . n e . k e r	4.79
আইনে	a . i . n e	4.79
আফ্রিকান	a f . r i . k a n	4.79
আমিন	a . m i n	4.79
আমির	a . m i r	4.79
আরে	a . r e	4.79
আস্তে	a s . t̪ e	4.79
এলো	e . l o	4.79
ওয়ার্ল্ড	o̯a r l ɖ	4.79
কর্তৃপক্ষের	k o r . t̪ r i . p o k . kʰ e r	4.79
কর্ম	k ɔ r . m o	4.79
গ্রামীণ	g r a . m i n	4.79
চালাতে	tʃ a . l a . t̪ e	4.79
চাহিদা	tʃ a . h i . d̪ a	4.79
জিতে	dʒ i . t̪ e	4.79
ডুবে	ɖ u . b e	4.79
দক্ষ	d̪ ɔ k . kʰ o	4.79
দিয়েই	d̪ i . ei̯	4.79
দেবার	d̪ e . b a r	4.79
দেশকে	d̪ e ʃ . k e	4.79
ধারাবাহিক	d̪ʱ a . r a . b a . h i k	4.79
নগর	n ɔ . g o r	4.79
নেতারা	n e . t̪ a . r a	4.79
নোবেল	n o . b e l	4.79
পারিনি	p a . r i . n i	4.79
বললে	b o l . l e	4.79
বাঁচাতে	b a . tʃ a . t̪ e	4.79
বাঁধা	b a . d̪ʱ a	4.79
ভিডিওতে	bʱ i . ɖ i . o . t̪ e	4.79
মরে	m o . r e	4.79
মাত্রা	m a t̪ . r a	4.79
মুজিবুর	m u . dʒ i . b u r	4.79
মূর্তি	m u r . t̪ i	4.79
যত্ন	dʒ ɔ t̪ . n o	4.79
রঙ	r ɔ ŋ	4.79
লি	l i	4.79
শরীরের	ʃ o . r i . r e r	4.79
সংস্কৃতির	ʃ ɔ ŋ s . k r i . t̪ i r	4.79
সান	s a n	4.79
সাবধান	ʃ a b . d̪ʱ a n	4.79
সিনিয়র	s i . n i . ɔ r	4.79
স্পর্শ	s p o r . ʃ o	4.79
অভিযানে	o . bʱ i . dʒ a . n e	4.78
আগেও	a . g e . o	4.78
আলি	a . l i	4.78
আলোর	a . l o r	4.78
এজন্য	e . dʒ o n . n o	4.78
এবারের	e . b a . r e r	4.78
কমান্ডার	k ɔ . m a n . ɖ a r	4.78
ক্রিকেটার	k r i . k e . ʈ a r	4.78
খাবারের	kʰ a . b a . r e r	4.78
গেলেন	g æ . l e n	4.78
জাতিসংঘ	dʒ a . t̪ i . ʃ ɔ ŋ . gʱ o	4.78
জানাই	dʒ a . n ai̯	4.78
টাকায়	ʈ a . k ae̯	4.78
দারুন	d̪ a . r u n	4.78
দেখেছেন	d̪ e . kʰ e . tʃʰ e n	4.78
ধনী	d̪ʱ o . n i	4.78
ধরার	d̪ʱ ɔ . r a r	4.78
নিশ্চয়ই	n i ʃ . tʃ ɔe̯ . i	4.78
নেপালের	n e . p a . l e r	4.78
পাশের	p a . ʃ e r	4.78
পিছু	p i . tʃʰ u	4.78
ফাঁস	f a ʃ	4.78
বনাম	b ɔ . n a m	4.78
বয়ে	b o . e	4.78
মতোই	m ɔ . t̪ oi̯	4.78
মন্দির	m o n . d̪ i r	4.78
মির্জা	m i r . dʒ a	4.78
রংপুর	r ɔ ŋ . p u r	4.78
রাখবে	r a kʰ . b e	4.78
রাখবেন	r a kʰ . b e n	4.78
শক্তির	ʃ o k . t̪ i r	4.78
সম্প্রদায়	ʃ ɔ m . p r o . d̪ ae̯	4.78
সহযোগী	ʃ ɔ . h o . dʒ o . g i	4.78
সু	ʃ u	4.78
সৃষ্টির	ʃ r i ʃ . ʈ i r	4.78
অতঃপর	ɔ . t̪ o . p ɔ r	4.77
ইয়র্ক	i̯ɔ r k	4.77
উত্তম	u t̪ . t̪ ɔ m	4.77
এইচ	e . i tʃ	4.77
এন	e n	4.77
ওয়ান	o̯a n	4.77
কমিশনের	k ɔ . m i . ʃ o . n e r	4.77
করুক	k o . r u k	4.77
কারণেই	k a . r o . n ei̯	4.77
ক্ষতিগ্রস্ত	kʰ o . t̪ i . g r o s . t̪ o	4.77
খুনের	kʰ u . n e r	4.77
জাতীয়তাবাদী	dʒ a . t̪ io̯ . t̪ a . b a . d̪ i	4.77
জার্মান	dʒ a r . m a n	4.77
জেমস	dʒ e m s	4.77
জোট	dʒ o ʈ	4.77
টাইম	ʈ ai̯ m	4.77
টিকে	ʈ i . k e	4.77
টুইটারে	ʈ ui̯ . ʈ a . r e	4.77
টেনে	ʈ e . n e	4.77
ঠিকানা	ʈʰ i . k a . n a	4.77
দক্ষতা	d̪ ɔ k . kʰ o . t̪ a	4.77
দেহ	d̪ e . h o	4.77
নাও	n ao̯	4.77
পরও	p ɔ r . o	4.77
পারলাম	p a r . l a m	4.77
পাল্টে	p a l . ʈ e	4.77
পিছিয়ে	p i . tʃʰ i . e	4.77
পৃথক	p r i . t̪ʰ o k	4.77
পেরে	p e . r e	4.77
প্রভাবিত	p r o . bʱ a . b i . t̪ o	4.77
প্রোগ্রাম	p r o g . r a m	4.77
বাছাই	b a . tʃʰ ai̯	4.77
বিনোদন	b i . n o . d̪ o n	4.77
মাছের	m a . tʃʰ e r	4.77
মানবিক	m a . n o . b i k	4.77
মাল	m a l	4.77
যুবক	dʒ u . b ɔ k	4.77
রচনা	r ɔ . tʃ o . n a	4.77
রেল	r e l	4.77
লজ্জা	l ɔ dʒ . dʒ a	4.77
শব্দের	ʃ ɔ b . d̪ e r	4.77
শরীরে	ʃ o . r i . r e	4.77
সালাম	s a . l a m	4.77
সোনার	ʃ o . n a r	4.77
স্বামীর	ʃ a . m i r	4.77
হতাশ	h ɔ . t̪ a ʃ	4.77
অ	ɔ	4.76
অন্ধকার	ɔ n . d̪ʱ o . k a r	4.76
অফিসের	ɔ . f i . s e r	4.76
অবরোধ	ɔ . b o . r o d̪ʱ	4.76
আলীর	a . l i r	4.76
আলোচনার	a . l o . tʃ o . n a r	4.76
আসনের	a . ʃ o n . e r	4.76
ইউনিট	i̯u . n i ʈ	4.76
ওকে	o . k e	4.76
কণ্ঠ	k ɔ n . ʈʰ o	4.76
কল্পনা	k ɔ l . p o . n a	4.76
কামাল	k a . m a l	4.76
গলা	g ɔ . l a	4.76
গল্পের	g ɔ l . p e r	4.76
ঘটনাটি	gʱ ɔ . ʈ o . n a . ʈ i	4.76
জরিমানা	dʒ o . r i . m a . n a	4.76
ডাকা	ɖ a . k a	4.76
ডে	ɖ e	4.76
তারেক	t̪ a . r e k	4.76
তিনজন	t̪ i n . dʒ ɔ n	4.76
তৃণমূল	t̪ r i . n o . m u l	4.76
তোকে	t̪ o . k e	4.76
দরিদ্র	d̪ o . r i d̪ . r o	4.76
নিরপেক্ষ	n i . r o . p e k . kʰ o	4.76
পাচ্ছি	p a tʃ . tʃʰ i	4.76
পাঠিয়ে	p a . ʈʰ i . e	4.76
পারবো	p a r . b o	4.76
পার্বত্য	p a r . b o t̪ . t̪ o	4.76
প্রকৃতির	p r o . k r i . t̪ i r	4.76
প্রচারিত	p r o . tʃ a . r i . t̪ o	4.76
প্রত্যাহার	p r o t̪ . t̪ a . h a r	4.76
প্রদর্শনী	p r o . d̪ o r . ʃ o . n i	4.76
প্রাণী	p r a . n i	4.76
প্রেমে	p r e . m e	4.76
ফাইনাল	f ai̯ . n a l	4.76
ফ্রান্স	f r a n s	4.76
বাস্তবায়ন	b a s . t̪ o . b ae̯ . o n	4.76
বিদেশি	b i . d̪ e . ʃ i	4.76
বিদ্যমান	b i d̪ . d̪ o . m a n	4.76
বিপদ	b i . p ɔ d̪	4.76
বিলিয়ন	b i . l i . o n	4.76
বিশেষজ্ঞ	b i . ʃ e . ʃ ɔ g . g o	4.76
বিশ্বব্যাপী	b i ʃ . ʃ o . b æ . p i	4.76
ব্যক্তিকে	b æ k . t̪ i . k e	4.76
ব্রাজিলের	b r a . dʒ i . l e r	4.76
ভরা	bʱ ɔ . r a	4.76
ভালোবাসার	bʱ a . l o . b a . ʃ a r	4.76
মসজিদের	m o ʃ . dʒ i d̪ . e r	4.76
লাভের	l a . bʱ e r	4.76
শিল্পের	ʃ i l . p e r	4.76
সংঘর্ষে	ʃ ɔ ŋ . gʱ ɔ r . ʃ e	4.76
সার্ভিস	s a r . bʱ i s	4.76
সাহায্যে	ʃ a . h a dʒ . dʒ e	4.76
সুপ্রিম	s u p . r i m	4.76
হাসপাতালের	h a ʃ . p a . t̪ a . l e r	4.76
হাসিনার	h a . s i . n a r	4.76
অনুমান	o . n u . m a n	4.75
অপারেশন	ɔ . p a . r e . ʃ ɔ n	4.75
ইউপি	i̯u . p i	4.75
ইউরোপীয়	i̯u . r o . p i . o	4.75
ইতিবাচক	i . t̪ i . b a . tʃ o k	4.75
ইরান	i . r a n	4.75
উঠছে	u ʈʰ . tʃʰ e	4.75
একক	æ . k ɔ k	4.75
এসেছি	e . ʃ e . tʃʰ i	4.75
কখনই	k ɔ . kʰ o . n oi̯	4.75
কার্যালয়	k a r . dʒ a . l ɔe̯	4.75
গণতন্ত্র	g ɔ . n o . t̪ ɔ n . t̪ r o	4.75
গোলাম	g o . l a m	4.75
ঘন্টার	gʱ ɔ n . ʈ a r	4.75
চন্দ্র	tʃ ɔ n . d̪ r o	4.75
চালক	tʃ a . l o k	4.75
ডান	ɖ a n	4.75
দশকে	d̪ ɔ . ʃ o . k e	4.75
দাদা	d̪ a . d̪ a	4.75
দেরি	d̪ e . r i	4.75
দোকানে	d̪ o . k a . n e	4.75
নদীতে	n o . d̪ i . t̪ e	4.75
নির্মাতা	n i r . m a . t̪ a	4.75
প্রফেসর	p r o . f e . s ɔ r	4.75
ফাউন্ডেশন	f a . u n . ɖ e . ʃ o n	4.75
ফুট	f u ʈ	4.75
বিচারক	b i . tʃ a . r o k	4.75
বিচারের	b i . tʃ a . r e r	4.75
বিনা	b i . n a	4.75
বুকে	b u . k e	4.75
বুঝি	b u . dʒʱ i	4.75
ভারী	bʱ a . r i	4.75
ভেসে	bʱ e . ʃ e	4.75
মতামত	m ɔ . t̪ a . m ɔ t̪	4.75
ময়মনসিংহ	m ɔe̯ . m o n . ʃ i ŋ . h o	4.75
মারাত্মক	m a . r a t̪ . t̪ o k	4.75
রোড	r o ɖ	4.75
স	s ɔ	4.75
সেন্ট	s e n ʈ	4.75
হয়েছিলো	h oe̯ . e . tʃʰ i . l o	4.75
হলুদ	h o . l u d̪	4.75
অপরের	ɔ . p o . r e r	4.74
অভিযানের	o . bʱ i . dʒ a . n e r	4.74
উত্তরে	u t̪ . t̪ ɔ . r e	4.74
একটাই	æ k . ʈ ai̯	4.74
ওখানে	o . kʰ a . n e	4.74
ক	k ɔ	4.74
করতেই	k o r . t̪ ei̯	4.74
কল্যাণ	k ɔ l . l a n	4.74
ঘোষিত	gʱ o . ʃ i . t̪ o	4.74
চাও	tʃ ao̯	4.74
টুইটার	ʈ ui̯ . ʈ a r	4.74
ট্রাক	ʈ r a k	4.74
দাগ	d̪ a g	4.74
দিনাজপুর	d̪ i . n a dʒ . p u r	4.74
ধর্ষণের	d̪ʱ ɔ r . ʃ o . n e r	4.74
নীচে	n i . tʃ e	4.74
পর্বে	p ɔ r . b e	4.74
পশু	p o . ʃ u	4.74
পাঁচটি	p a tʃ . ʈ i	4.74
পুলিশকে	p u . l i ʃ . k e	4.74
প্রযুক্তির	p r o . dʒ u k . t̪ i r	4.74
প্লিজ	p l i dʒ	4.74
বলবো	b o l . b o	4.74
বাচ্চাদের	b a tʃ . tʃ a . d̪ e r	4.74
বিধান	b i . d̪ʱ a n	4.74
বিরক্ত	b i . r ɔ k . t̪ o	4.74
বেঁধে	b e . d̪ʱ e	4.74
বৈধ	b oi̯ . d̪ʱ o	4.74
মসজিদে	m o ʃ . dʒ i . d̪ e	4.74
মহিলার	m o . h i . l a r	4.74
মুক্তিযুদ্ধের	m u k . t̪ i . dʒ u d̪ . d̪ʱ e r	4.74
ম্যান	m æ n	4.74
রক্তের	r ɔ k . t̪ e r	4.74
লাইভ	l ai̯ bʱ	4.74
লাইসেন্স	l ai̯ . s e n s	4.74
লেগে	l e . g e	4.74
শতাধিক	ʃ ɔ . t̪ a . d̪ʱ i k	4.74
শিরোনাম	ʃ i . r o . n a m	4.74
সম্পত্তি	s ɔ m . p o t̪ . t̪ i	4.74
সিলেটের	s i . l e . ʈ e r	4.74
স্বাদ	ʃ a d̪	4.74
হব	h ɔ . b o	4.74
হোন	h o n	4.74
অপমান	ɔ . p ɔ . m a n	4.73
অভিহিত	o . bʱ i . h i . t̪ o	4.73
আকার	a . k a r	4.73
আকারে	a . k a . r e	4.73
আনুষ্ঠানিক	a . n u ʃ . ʈʰ a . n i k	4.73
আসছেন	a ʃ . tʃʰ e n	4.73
ইবনে	i b . n e	4.73
একমত	æ k . m ɔ t̪	4.73
কমপক্ষে	k ɔ m . p o k . kʰ e	4.73
কমিউনিটি	k ɔ . m iu̯ . n i . ʈ i	4.73
করোনা	k o . r o . n a	4.73
কাউন্সিল	k au̯ n . s i l	4.73
কাকে	k a . k e	4.73
কাগজ	k a . g o dʒ	4.73
কাছেই	k a . tʃʰ ei̯	4.73
কিসের	k i . ʃ e r	4.73
কোরিয়া	k o . r i . a	4.73
চলা	tʃ ɔ . l a	4.73
চিকিৎসক	tʃ i . k i t̪ . ʃ ɔ k	4.73
জগতে	dʒ ɔ . g o . t̪ e	4.73
দা	d̪ a	4.73
দিবেন	d̪ i . b e n	4.73
দিবো	d̪ i . b o	4.73
দিলো	d̪ i . l o	4.73
ধারনা	d̪ʱ a . r o . n a	4.73
নামাজ	n a . m a dʒ	4.73
নায়ক	n ae̯ . o k	4.73
নিন্দা	n i n . d̪ a	4.73
পর্যবেক্ষণ	p ɔ r . dʒ o . b e k . kʰ o n	4.73
পুরোনো	p u . r o . n o	4.73
প্রমাণিত	p r o . m a . n i . t̪ o	4.73
প্রেমের	p r e . m e r	4.73
বাজেট	b a . dʒ e ʈ	4.73
বাণিজ্যিক	b a . n i dʒ . dʒ i k	4.73
বিকেল	b i . k e l	4.73
ব্যাপারটা	b æ . p a r . ʈ a	4.73
ভাগ্য	bʱ a g . g o	4.73
মাদ্রাসা	m a d̪ . r a . ʃ a	4.73
যন্ত্র	dʒ ɔ n . t̪ r o	4.73
রস	r ɔ ʃ	4.73
লেগেছে	l e . g e . tʃʰ e	4.73
শুধুই	ʃ u . d̪ʱ ui̯	4.73
শূন্য	s u n . n o	4.73
সংঘটিত	ʃ ɔ ŋ . gʱ o . ʈ i . t̪ o	4.73
সংবাদপত্র	ʃ ɔ ŋ . b a d̪ . p ɔ t̪ . r o	4.73
সংরক্ষিত	ʃ ɔ ŋ . r o k . kʰ i . t̪ o	4.73
সচিব	ʃ o . tʃ i b	4.73
সমিতি	ʃ ɔ . m i . t̪ i	4.73
সম্প্রচার	ʃ ɔ m . p r o . tʃ a r	4.73
সাহসী	ʃ a . h o . ʃ i	4.73
স্বল্প	ʃ ɔ l . p o	4.73
হ	h ɔ	4.73
হলেই	h o . l ei̯	4.73
হারে	h a . r e	4.73
অনুসন্ধান	o . n u . ʃ ɔ n . d̪ʱ a n	4.72
অপহরণ	ɔ . p o . h ɔ . r o n	4.72
উন্নয়নে	u n . n oe̯ . o . n e	4.72
উপদেষ্টা	u . p o . d̪ e ʃ . ʈ a	4.72
উল্লেখ্য	u l . l e k . kʰ o	4.72
উৎসবে	u t̪ . ʃ ɔ . b e	4.72
একসময়	æ k . ʃ ɔ . m ɔe̯	4.72
একাদশ	æ . k a . d̪ ɔ ʃ	4.72
এসেছিল	e . ʃ e . tʃʰ i . l o	4.72
ওবামা	o . b a . m a	4.72
কংগ্রেসের	k ɔ ŋ . g r e . s e r	4.72
করেননি	k ɔ . r e n . n i	4.72
কেবলমাত্র	k æ . b o l . m a t̪ . r o	4.72
ক্লান্ত	k l a n . t̪ o	4.72
গন্ধ	g ɔ n . d̪ʱ o	4.72
ঘন	gʱ ɔ . n o	4.72
চালানোর	tʃ a . l a . n o r	4.72
চুক্তির	tʃ u k . t̪ i r	4.72
চোর	tʃ o r	4.72
ছেলেরা	tʃʰ e . l e . r a	4.72
তারাই	t̪ a . r ai̯	4.72
তুরস্কের	t̪ u . r o ʃ . k e r	4.72
তেমনি	t̪ e . m o . n i	4.72
দুইটা	d̪ ui̯ . ʈ a	4.72
দেখ	d̪ æ kʰ	4.72
দেখবেন	d̪ e kʰ . b e n	4.72
নিউজিল্যান্ড	n iu̯ . dʒ i . l æ n ɖ	4.72
নিবন্ধন	n i . b ɔ n . d̪ʱ o n	4.72
পত্র	p ɔ t̪ . r o	4.72
পারছেন	p a r . tʃʰ e n	4.72
পুরাতন	p u . r a . t̪ o n	4.72
পুরুষদের	p u . r u ʃ . d̪ e r	4.72
প্রতিবেদনে	p r o . t̪ i . b e . d̪ o . n e	4.72
প্রতিষ্ঠানে	p r o . t̪ i ʃ . ʈʰ a . n e	4.72
প্রবল	p r o . b ɔ l	4.72
প্রাইভেট	p r ai̯ . bʱ e ʈ	4.72
বাকী	b a . k i	4.72
বাবাকে	b a . b a . k e	4.72
বিপরীতে	b i . p o . r i . t̪ e	4.72
বিশ্বকাপে	b i ʃ . ʃ o . k a . p e	4.72
বিশ্লেষণ	b i s . l e . ʃ o n	4.72
বৃহত্তম	b r i . h ɔ t̪ . t̪ ɔ m	4.72
বৃহৎ	b r i . h ɔ t̪	4.72
বৌদ্ধ	b ou̯ d̪ . d̪ʱ o	4.72
ভবিষ্যতে	bʱ o . b i ʃ . ʃ ɔ . t̪ e	4.72
ভিসা	bʱ i . s a	4.72
মাস্টার	m a s . ʈ a r	4.72
মোটা	m o . ʈ a	4.72
রঙের	r o ŋ . e r	4.72
রাখি	r a . kʰ i	4.72
রাম	r a m	4.72
রিয়াল	r i . a l	4.72
রেখেছেন	r e . kʰ e . tʃʰ e n	4.72
সংকট	ʃ ɔ ŋ . k ɔ ʈ	4.72
সমর্থক	ʃ ɔ . m o r . t̪ʰ o k	4.72
সশস্ত্র	ʃ ɔ . ʃ o s . t̪ r o	4.72
সিং	s i ŋ	4.72
সুর	ʃ u r	4.72
সূচনা	ʃ u . tʃ o . n a	4.72
স্বপ্নের	ʃ ɔ p . n e r	4.72
হও	h ɔo̯	4.72
হেরে	h e . r e	4.72
আদিবাসী	a . d̪ i . b a . ʃ i	4.71
আবদুল্লাহ	a b . d̪ u l . l a h	4.71
আর্জেন্টিনা	a r . dʒ e n . ʈ i . n a	4.71
ঈশ্বর	i ʃ . ʃ ɔ r	4.71
একদল	æ k . d̪ ɔ l	4.71
এটাও	e . ʈ ao̯	4.71
এলে	e . l e	4.71
কথাটা	k ɔ . t̪ʰ a . ʈ a	4.71
কবির	k o . b i r	4.71
কর্মকর্তারা	k ɔ r . m o . k ɔ r . t̪ a . r a	4.71
কারখানা	k a r . kʰ a . n a	4.71
চাঁদ	tʃ a d̪	4.71
জনক	dʒ ɔ . n o k	4.71
ট্রাম্প	ʈ r a m p	4.71
তুলনা	t̪ u . l o . n a	4.71
থেমে	t̪ʰ e . m e	4.71
দুরে	d̪ u . r e	4.71
দূরত্ব	d̪ u . r o t̪ . t̪ o	4.71
দেখাচ্ছে	d̪ e . kʰ a tʃ . tʃʰ e	4.71
দেবো	d̪ e . b o	4.71
নোট	n o ʈ	4.71
পঞ্চম	p ɔ n . tʃ o m	4.71
পালনের	p a . l o . n e r	4.71
প্রকাশ্যে	p r o . k a ʃ . ʃ e	4.71
ফেসবুকের	f e s . b u . k e r	4.71
বঞ্চিত	b o n . tʃ i . t̪ o	4.71
বস	b ɔ . ʃ o	4.71
বাসে	b a . s e	4.71
বিজ্ঞপ্তি	b i g . g o p . t̪ i	4.71
বিতর্কিত	b i . t̪ o r . k i . t̪ o	4.71
বোকা	b o . k a	4.71
মিশন	m i . ʃ o n	4.71
রোববার	r o b . b a r	4.71
লাইফ	l ai̯ f	4.71
শিক্ষার্থীরা	ʃ i k . kʰ a r . t̪ʰ i . r a	4.71
শিরোপা	ʃ i . r o . p a	4.71
সীমান্তে	ʃ i . m a n . t̪ e	4.71
সুরক্ষা	ʃ u . r ɔ k . kʰ a	4.71
হবেনা	h ɔ . b e . n a	4.71
হলাম	h o . l a m	4.71
অনেকগুলো	ɔ . n e k . g u . l o	4.70
অপরাধী	ɔ . p o . r a . d̪ʱ i	4.70
আয়ের	a . e r	4.70
আস্থা	a s . t̪ʰ a	4.70
ইংলিশ	i ŋ . l i ʃ	4.70
এক্ষেত্রে	e . kʰ e t̪ . r e	4.70
এখান	e . kʰ a n	4.70
ওভার	o . bʱ a r	4.70
কথার	k ɔ . t̪ʰ a r	4.70
কফি	k ɔ . f i	4.70
কর্মরত	k ɔ r . m o . r ɔ . t̪ o	4.70
কান	k a n	4.70
কুরআন	k u r . a n	4.70
কোর্ট	k o r ʈ	4.70
ক্যান্সার	k æ n . s a r	4.70
গঠনের	g ɔ . ʈʰ o . n e r	4.70
গেলেও	g e . l eo̯	4.70
ঘণ্টার	gʱ ɔ n . ʈ a r	4.70
ছেলেকে	tʃʰ e . l e . k e	4.70
জানাচ্ছি	dʒ a . n a tʃ . tʃʰ i	4.70
থাকবো	t̪ʰ a k . b o	4.70
দফা	d̪ ɔ . f a	4.70
দিচ্ছি	d̪ i tʃ . tʃʰ i	4.70
দুইটি	d̪ ui̯ . ʈ i	4.70
দেখছেন	d̪ e kʰ . tʃʰ e n	4.70
দেখো	d̪ æ . kʰ o	4.70
নকল	n ɔ . k o l	4.70
নেতার	n e . t̪ a r	4.70
পতন	p ɔ . t̪ o n	4.70
পরা	p ɔ . r a	4.70
পাতার	p a . t̪ a r	4.70
পারেনা	p a . r e . n a	4.70
প্রতিরক্ষা	p r o . t̪ i . r ɔ k . kʰ a	4.70
ফ্লাইট	f l a . i ʈ	4.70
বলব	b o l . b o	4.70
বালিকা	b a . l i . k a	4.70
বাস্তবতা	b a s . t̪ o . b ɔ . t̪ a	4.70
বিজেপি	b i . dʒ e . p i	4.70
বিস্তৃত	b i s . t̪ r i . t̪ o	4.70
বিস্ফোরণ	b i ʃ . f o . r o n	4.70
বোনের	b o . n e r	4.70
ব্যাগ	b æ g	4.70
মেসেজ	m æ . s e dʒ	4.70
যতক্ষণ	dʒ ɔ . t̪ o k . kʰ o n	4.70
রহস্য	r ɔ . h o ʃ . ʃ o	4.70
রাজার	r a . dʒ a r	4.70
শিক্ষিত	ʃ i k . kʰ i . t̪ o	4.70
শেষের	ʃ e . ʃ e r	4.70
সম্মানিত	ʃ ɔ m . m a . n i . t̪ o	4.70
সিনেমার	s i . n e . m a r	4.70
সোশ্যাল	s o . ʃ a l	4.70
অর্জনের	ɔ r . dʒ o . n e r	4.69
অর্থে	ɔ r . t̪ʰ e	4.69
আকর্ষণীয়	a . k o r . ʃ o . n i . o	4.69
আকাশে	a . k a . ʃ e	4.69
আজিজ	a . dʒ i dʒ	4.69
আফগান	a f . g a n	4.69
আমলে	a . m o . l e	4.69
আমারে	a . m a . r e	4.69
আসনে	a . ʃ ɔ . n e	4.69
ইমরান	i m . r a n	4.69
একত্রিত	æ . k o t̪ . r i . t̪ o	4.69
কথিত	k o . t̪ʰ i . t̪ o	4.69
কবর	k ɔ . b o r	4.69
করছিলেন	k o r . tʃʰ i . l e n	4.69
গরু	g o . r u	4.69
ঘোষ	gʱ o ʃ	4.69
চলতি	tʃ o l . t̪ i	4.69
চাইছে	tʃ ai̯ . tʃʰ e	4.69
চারপাশে	tʃ a r . p a . ʃ e	4.69
জন্যও	dʒ o n . n oo̯	4.69
জে	dʒ e	4.69
ঠিকই	ʈʰ i . k i	4.69
দাখিল	d̪ a . kʰ i l	4.69
দোষী	d̪ o . ʃ i	4.69
পরিচিতি	p o . r i . tʃ i . t̪ i	4.69
পরিস্থিতিতে	p o . r i s . t̪ʰ i . t̪ i . t̪ e	4.69
পারছে	p a r . tʃʰ e	4.69
পারেননি	p a . r e n . n i	4.69
পাসপোর্ট	p a s . p o r ʈ	4.69
পিতার	p i . t̪ a r	4.69
প্রচারণা	p r o . tʃ a . r o . n a	4.69
প্রমান	p r o . m a n	4.69
বিবিসি	b i . b i . s i	4.69
বোর্ডের	b o r . ɖ e r	4.69
ভাষণ	bʱ a . ʃ o n	4.69
মনোনীত	m ɔ . n o . n i . t̪ o	4.69
মাইকেল	m ai̯ . k e l	4.69
মৃত্যুদণ্ড	m r i t̪ . t̪ u . d̪ ɔ n . ɖ o	4.69
যাচাই	dʒ a . tʃ ai̯	4.69
রাজ	r a dʒ	4.69
সারাদিন	s a . r a . d̪ i n	4.69
সেট	s e ʈ	4.69
সৌন্দর্য	s ou̯ n . d̪ ɔ r . dʒ o	4.69
অত্যাচার	o t̪ . t̪ a . tʃ a r	4.68
আক্রমণের	a k . r o . m o . n e r	4.68
আনন্দের	a . n ɔ n . d̪ e r	4.68
আবহাওয়া	a . b o . h au̯ . a	4.68
আসন্ন	a . ʃ o n . n o	4.68
ইসলামি	i s . l a . m i	4.68
উদ্ধৃতি	u d̪ . d̪ʱ r i . t̪ i	4.68
উদ্বেগ	u d̪ . b e g	4.68
উপন্যাস	u . p o n . n a ʃ	4.68
কতো	k ɔ . t̪ o	4.68
করাতে	k ɔ . r a . t̪ e	4.68
করিম	k o . r i m	4.68
কর্মকর্তাদের	k ɔ r . m o . k ɔ r . t̪ a . d̪ e r	4.68
কলকাতায়	k o l . k a . t̪ ae̯	4.68
খ	kʰ ɔ	4.68
গুণ	g u n	4.68
চিন্তিত	tʃ i n . t̪ i . t̪ o	4.68
জনপ্রিয়তা	dʒ ɔ . n o . p r i . o . t̪ a	4.68
টায়	ʈ ae̯	4.68
ঠান্ডা	ʈʰ a n . ɖ a	4.68
দেখানোর	d̪ æ . kʰ a . n o r	4.68
নেপাল	n e . p a l	4.68
পদ্ধতিতে	p ɔ d̪ . d̪ʱ o . t̪ i . t̪ e	4.68
পরিদর্শন	p o . r i . d̪ ɔ r . ʃ o n	4.68
পরিবেশন	p o . r i . b e . ʃ o n	4.68
পাঠানোর	p a . ʈʰ a . n o r	4.68
প্রচেষ্টা	p r o . tʃ e ʃ . ʈ a	4.68
প্রতিবেদক	p r o . t̪ i . b e . d̪ o k	4.68
ফোনের	f o . n e r	4.68
বাঁচতে	b a tʃ . t̪ e	4.68
বাগান	b a . g a n	4.68
বিমানবন্দর	b i . m a n . b ɔ n . d̪ o r	4.68
বৃদ্ধ	b r i d̪ . d̪ʱ o	4.68
ব্লগার	b l o . g a r	4.68
মুখ্যমন্ত্রী	m u k . kʰ o . m o n . t̪ r i	4.68
মেশিন	m e . ʃ i n	4.68
ম্যাচের	m æ . tʃ e r	4.68
রবীন্দ্রনাথ	r o . b i n . d̪ r o . n a t̪ʰ	4.68
সম্মুখীন	ʃ o m . m u . kʰ i n	4.68
সাইকেল	s ai̯ . k e l	4.68
সাজা	ʃ a . dʒ a	4.68
সালমান	s a l . m a n	4.68
সাহায্যের	ʃ a . h a dʒ . dʒ e r	4.68
হোটেলে	h o . ʈ e . l e	4.68
অতীত	ɔ . t̪ i t̪	4.67
অভিষেক	o . bʱ i . ʃ e k	4.67
ইতোমধ্যে	i . t̪ o . m o d̪ . d̪ʱ e	4.67
উদ্বোধনী	u d̪ . b o . d̪ʱ o . n i	4.67
উনার	u . n a r	4.67
একজনকে	æ k . dʒ o n . k e	4.67
এটার	e . ʈ a r	4.67
কথাই	k ɔ . t̪ʰ ai̯	4.67
কুকুরের	k u . k u . r e r	4.67
গাজীপুর	g a . dʒ i . p u r	4.67
গিয়েছিলেন	g i . e . tʃʰ i . l e n	4.67
গুরু	g u . r u	4.67
গেম	g e m	4.67
জুতা	dʒ u . t̪ a	4.67
টন	ʈ ɔ n	4.67
তদন্তের	t̪ ɔ . d̪ o n . t̪ e r	4.67
দিও	d̪ i . o	4.67
দিব	d̪ i . b o	4.67
ধরেই	d̪ʱ o . r ei̯	4.67
নাইট	n ai̯ ʈ	4.67
নাগরিকদের	n a . g o . r i k . d̪ e r	4.67
নাচ	n a tʃ	4.67
পররাষ্ট্র	p ɔ . r o . r a ʃ . ʈ r o	4.67
পশ্চিমবঙ্গের	p o ʃ . tʃ i m . b o ŋ . g e r	4.67
পাখির	p a . kʰ i r	4.67
পুরানো	p u . r a . n o	4.67
প্রজন্মের	p r o . dʒ ɔ n . m e r	4.67
প্রতিনিধিত্ব	p r o . t̪ i . n i . d̪ʱ i t̪ . t̪ o	4.67
প্রতিষ্ঠার	p r o . t̪ i ʃ . ʈʰ a r	4.67
ফারুক	f a . r u k	4.67
বিকাশ	b i . k a ʃ	4.67
বিপ্লবী	b i p . l o . b i	4.67
বিষয়ের	b i . ʃ o . e r	4.67
বৃষ্টির	b r i ʃ . ʈ i r	4.67
ব্লগ	b l o g	4.67
ভবনে	bʱ ɔ . b o . n e	4.67
ভালোই	bʱ a . l oi̯	4.67
ভিডিওটি	bʱ i . ɖ i . o . ʈ i	4.67
ভোটার	bʱ o . ʈ a r	4.67
মাওলানা	m ao̯ . l a . n a	4.67
মূল্যবান	m u l . l o . b a n	4.67
যোগাযোগের	dʒ o . g a . dʒ o . g e r	4.67
শাখার	ʃ a . kʰ a r	4.67
শ্রম	s r o m	4.67
সকলে	ʃ ɔ . k o . l e	4.67
সমকামী	ʃ ɔ . m o . k a . m i	4.67
সম্মাননা	ʃ ɔ m . m a . n o . n a	4.67
সম্রাট	s o m . r a ʈ	4.67
সুরক্ষিত	ʃ u . r o k . kʰ i . t̪ o	4.67
সেখানেই	ʃ e . kʰ a . n ei̯	4.67
সেলিম	s e . l i m	4.67
সোজা	ʃ o . dʒ a	4.67
হাট	h a ʈ	4.67
অতিথি	o . t̪ i . t̪ʰ i	4.66
অভাবে	ɔ . bʱ a . b e	4.66
অভিযোগের	o . bʱ i . dʒ o . g e r	4.66
অভ্যাস	o b . bʱ a ʃ	4.66
অস্থায়ী	ɔ s . t̪ʰ a . i	4.66
আজাদ	a . dʒ a d̪	4.66
উঠবে	u ʈʰ . b e	4.66
ওমর	o . m o r	4.66
কক্সবাজার	k ɔ k s . b a . dʒ a r	4.66
করেও	k o . r e . o	4.66
কর্নেল	k ɔ r . n e l	4.66
কর্মীরা	k o r . m i . r a	4.66
চলার	tʃ ɔ . l a r	4.66
ছাত্রলীগ	tʃʰ a t̪ . r o . l i g	4.66
জোরে	dʒ o . r e	4.66
দর্শক	d̪ ɔ r . ʃ o k	4.66
দর্শন	d̪ ɔ r . ʃ o n	4.66
দশক	d̪ ɔ . ʃ o k	4.66
দুইজন	d̪ ui̯ . dʒ ɔ n	4.66
দুর্নীতির	d̪ u r . n i . t̪ i r	4.66
দেশীয়	d̪ e . ʃ i . o	4.66
নিলাম	n i . l a m	4.66
পাক	p a k	4.66
পাঠাতে	p a . ʈʰ a . t̪ e	4.66
পিস	p i s	4.66
প্রকৃতি	p r o k . r i . t̪ i	4.66
প্রদেশ	p r o . d̪ e ʃ	4.66
ফসল	f ɔ . ʃ ɔ l	4.66
ফেলবে	f e l . b e	4.66
বন্ধের	b ɔ n . d̪ʱ e r	4.66
বারের	b a . r e r	4.66
বিচারপতি	b i . tʃ a r . p o . t̪ i	4.66
বিরোধিতা	b i . r o . d̪ʱ i . t̪ a	4.66
ভরসা	bʱ o . r o . ʃ a	4.66
মালয়েশিয়া	m a . l o . e . ʃ i . a	4.66
মীর	m i r	4.66
যতটা	dʒ ɔ . t̪ o . ʈ a	4.66
রোগে	r o . g e	4.66
লাইনে	l ai̯ . n e	4.66
লাগানো	l a . g a . n o	4.66
শ্রেণির	s r e . n i r	4.66
সংবিধানের	ʃ ɔ ŋ . b i . d̪ʱ a . n e r	4.66
সাংসদ	ʃ a ŋ . ʃ ɔ d̪	4.66
সাথেই	ʃ a . t̪ʰ ei̯	4.66
স্টেশনে	s ʈ e . ʃ ɔ . n e	4.66
স্তরে	s t̪ ɔ . r e	4.66
হইছে	h oi̯ . s e	4.66
অবসর	ɔ . b ɔ . ʃ ɔ r	4.65
আইনি	ai̯ . n i	4.65
আগমন	a . g ɔ . m ɔ n	4.65
আজও	a dʒ . o	4.65
আলাপ	a . l a p	4.65
আসামি	a . ʃ a . m i	4.65
ইউনাইটেড	i̯u . n ai̯ . ʈ e ɖ	4.65
একুশে	e . k u . ʃ e	4.65
একেবারেই	æ . k e . b a . r ei̯	4.65
ওয়াশিংটন	o̯a . ʃ i ŋ . ʈ ɔ n	4.65
কবিতার	k o . b i . t̪ a r	4.65
কেউই	k eu̯ . i	4.65
কেনার	k e . n a r	4.65
ঘটবে	gʱ o ʈ . b e	4.65
ঘোষণার	gʱ o . ʃ o . n a r	4.65
চিন্তার	tʃ i n . t̪ a r	4.65
চৌধুরীর	tʃ ou̯ . d̪ʱ u . r i r	4.65
জন্মের	dʒ ɔ n . m e r	4.65
পত্রিকায়	p o t̪ . r i . k ae̯	4.65
পরিবেশে	p o . r i . b e . ʃ e	4.65
পানীয়	p a . n io̯	4.65
পাবো	p a . b o	4.65
ফাইল	f ai̯ l	4.65
বিরত	b i . r ɔ . t̪ o	4.65
বৈঠকে	b oi̯ . ʈʰ o . k e	4.65
বোতল	b o . t̪ o l	4.65
ব্যক্তিত্ব	b æ k . t̪ i t̪ . t̪ o	4.65
ব্ল্যাক	b l æ k	4.65
ভাবি	bʱ a . b i	4.65
মহাসচিব	m ɔ . h a . ʃ o . tʃ i b	4.65
মৃত্যুতে	m r i t̪ . t̪ u . t̪ e	4.65
যশোর	dʒ ɔ . ʃ o r	4.65
যুগ	dʒ u g	4.65
রক্ষার	r o k . kʰ a r	4.65
রানী	r a . n i	4.65
লন্ডনে	l ɔ n . ɖ o . n e	4.65
লেনদেন	l e n . d̪ e n	4.65
শুনেছি	ʃ u . n e . tʃʰ i	4.65
সংগ্রহের	ʃ ɔ ŋ . g r o . h e r	4.65
সন্ত্রাস	ʃ ɔ n . t̪ r a ʃ	4.65
সন্ধ্যায়	s o n . d̪ʱ ae̯	4.65
সফরের	s ɔ . f o . r e r	4.65
সুখী	ʃ u . kʰ i	4.65
সূরা	s u . r a	4.65
সৈন্য	ʃ oi̯ n . n o	4.65
স্টাফ	s ʈ a f	4.65
সৎ	ʃ ɔ t̪	4.65
হামিদ	h a . m i d̪	4.65
অধিকারী	o . d̪ʱ i . k a . r i	4.64
অর্থনীতির	ɔ r . t̪ʰ o . n i . t̪ i r	4.64
আগ	a g	4.64
আরবি	a r . b i	4.64
ইউরোপের	i̯u . r o . p e r	4.64
ইঞ্জিন	i n . dʒ i n	4.64
উল	u l	4.64
উৎসবের	u t̪ . ʃ ɔ . b e r	4.64
এটির	e . ʈ i r	4.64
এমনই	æ . m o n . i	4.64
কমিশনার	k ɔ . m i . ʃ o . n a r	4.64
কয়লা	k oe̯ . l a	4.64
গণহত্যা	g ɔ . n o . h o t̪ . t̪ a	4.64
গানে	g a . n e	4.64
জমির	dʒ o . m i r	4.64
জানুয়ারী	dʒ a . n u . a . r i	4.64
জামিন	dʒ a . m i n	4.64
টাঙ্গাইল	ʈ a ŋ . g ai̯ l	4.64
টুকরো	ʈ u k . r o	4.64
ট্রাফিক	ʈ r a . f i k	4.64
ডাকে	ɖ a . k e	4.64
ত্রাণ	t̪ r a n	4.64
তৎকালীন	t̪ ɔ t̪ . k a . l i n	4.64
থাকত	t̪ʰ a k . t̪ o	4.64
থেকো	t̪ʰ e . k o	4.64
দিনটি	d̪ i n . ʈ i	4.64
নির্দেশনা	n i r . d̪ e . ʃ o . n a	4.64
নিলে	n i . l e	4.64
পরিসংখ্যান	p o . r i . s ɔ ŋ . kʰ a n	4.64
পিটার	p i . ʈ a r	4.64
প্রচণ্ড	p r o . tʃ ɔ n . ɖ o	4.64
প্রতিবেশী	p r o . t̪ i . b e . ʃ i	4.64
প্রার্থীদের	p r a r . t̪ʰ i . d̪ e r	4.64
বউ	b ou̯	4.64
বলিউড	b ɔ . l i . u ɖ	4.64
বাঁধ	b a d̪ʱ	4.64
বিভক্ত	b i . bʱ ɔ k . t̪ o	4.64
বিমানবন্দরে	b i . m a n . b ɔ n . d̪ ɔ . r e	4.64
বিস্তার	b i s . t̪ a r	4.64
বৃহত্তর	b r i . h ɔ t̪ . t̪ ɔ r	4.64
বেসামরিক	b e . ʃ a . m o . r i k	4.64
ভক্ত	bʱ ɔ k . t̪ o	4.64
ভোগ	bʱ o g	4.64
মতই	m ɔ . t̪ oi̯	4.64
মাই	m ai̯	4.64
মামা	m a . m a	4.64
মাসিক	m a . ʃ i k	4.64
রানা	r a . n a	4.64
শব্দটি	ʃ ɔ b . d̪ o . ʈ i	4.64
সামগ্রী	ʃ a . m o g . r i	4.64
সার্চ	s a r tʃ	4.64
সেসব	ʃ e . ʃ ɔ b	4.64
হস্তান্তর	h ɔ s . t̪ a n . t̪ ɔ r	4.64
হেঁটে	h e . ʈ e	4.64
হোম	h o m	4.64
অনেকদিন	ɔ . n e k . d̪ i n	4.63
আমন্ত্রণ	a . m o n . t̪ r o n	4.63
ইংল্যান্ডের	i ŋ . l æ n . ɖ e r	4.63
ইউরোপ	i̯u . r o p	4.63
উত্তেজনা	u t̪ . t̪ e . dʒ o . n a	4.63
এরই	e r . i	4.63
ওরে	o . r e	4.63
কয়েকদিন	k o . e k . d̪ i n	4.63
করলেই	k o r . l ei̯	4.63
কানাডার	k a . n a . ɖ a r	4.63
গানটি	g a n . ʈ i	4.63
গো	g o	4.63
গোষ্ঠী	g o ʃ . ʈʰ i	4.63
ঘটতে	gʱ o ʈ . t̪ e	4.63
চাপা	tʃ a . p a	4.63
জমে	dʒ o . m e	4.63
জুটি	dʒ u . ʈ i	4.63
টার	ʈ a r	4.63
তালিকাভুক্ত	t̪ a . l i . k a . bʱ u k . t̪ o	4.63
দশকের	d̪ ɔ . ʃ o . k e r	4.63
দিল্লি	d̪ i l . l i	4.63
দেখছে	d̪ e kʰ . tʃʰ e	4.63
দেখবে	d̪ e kʰ . b e	4.63
নারীকে	n a . r i . k e	4.63
নীতিমালা	n i . t̪ i . m a . l a	4.63
পরিমাণে	p o . r i . m a . n e	4.63
পর্যালোচনা	p o r . dʒ a . l o . tʃ o . n a	4.63
পাবার	p a . b a r	4.63
পাল্টা	p a l . ʈ a	4.63
প্রশাসনের	p r o . ʃ a . ʃ o . n e r	4.63
প্রিমিয়ার	p r i . m i . a r	4.63
প্রেরণ	p r e . r o n	4.63
ফিরতে	f i r . t̪ e	4.63
ফেলার	f æ . l a r	4.63
বহুল	b o . h u l	4.63
বিক্রির	b i k . r i r	4.63
বিবেচিত	b i . b e . tʃ i . t̪ o	4.63
বেশির	b e . ʃ i r	4.63
বোঝার	b o . dʒʱ a r	4.63
ব্যাপকভাবে	b æ . p o k . bʱ a . b e	4.63
ভর	bʱ ɔ r	4.63
ভালোভাবে	bʱ a . l o . bʱ a . b e	4.63
ভোর	bʱ o r	4.63
মঞ্চ	m ɔ n . tʃ o	4.63
মহানগর	m ɔ . h a . n ɔ . g o r	4.63
যথাযথ	dʒ ɔ . t̪ʰ a . dʒ ɔ . t̪ʰ o	4.63
যুক্তরাজ্য	dʒ u k . t̪ o . r a dʒ . dʒ o	4.63
যেদিন	dʒ e . d̪ i n	4.63
রমজান	r ɔ m . dʒ a n	4.63
রাজনীতিবিদ	r a dʒ . n i . t̪ i . b i d̪	4.63
রাসায়নিক	r a . s ae̯ . o . n i k	4.63
শরণার্থী	ʃ ɔ . r o . n a r . t̪ʰ i	4.63
শান্তির	ʃ a n . t̪ i r	4.63
শিবির	ʃ i . b i r	4.63
শ্রীলঙ্কার	s r i . l o ŋ . k a r	4.63
সংস্করণ	s ɔ ŋ s . k ɔ . r o n	4.63
সাল্লাল্লাহু	s a l . l a l . l a . h u	4.63
সুলতান	s u l . t̪ a n	4.63
সূর্যের	ʃ u r . dʒ e r	4.63
সোভিয়েত	s o . bʱ i . e t̪	4.63
স্টেডিয়ামে	s ʈ e . ɖ i . a . m e	4.63
অর্থের	ɔ r . t̪ʰ e r	4.62
আনুষ্ঠানিকভাবে	a . n u ʃ . ʈʰ a . n i k . bʱ a . b e	4.62
ইউটিউব	iu̯ . ʈ iu̯ b	4.62
ইট	i ʈ	4.62
ইন্ডিয়ান	i n . ɖ i . a n	4.62
এখনি	æ . kʰ o . n i	4.62
এফ	e f	4.62
এসেছিলেন	e . ʃ e . tʃʰ i . l e n	4.62
ওপেন	o . p e n	4.62
কথাগুলো	k ɔ . t̪ʰ a . g u . l o	4.62
কাছের	k a . tʃʰ e r	4.62
কাজেই	k a . dʒ ei̯	4.62
গণতন্ত্রের	g ɔ . n o . t̪ ɔ n . t̪ r e r	4.62
গর্বিত	g o r . b i . t̪ o	4.62
চট্টগ্রামের	tʃ ɔ ʈ . ʈ o . g r a . m e r	4.62
চলো	tʃ ɔ . l o	4.62
জলের	dʒ ɔ . l e r	4.62
ঝামেলা	dʒʱ a . m e . l a	4.62
ঠাকুর	ʈʰ a . k u r	4.62
তিনিই	t̪ i . n ii̯	4.62
দর্শকদের	d̪ ɔ r . ʃ o k . d̪ e r	4.62
দিবসে	d̪ i . b o . ʃ e	4.62
দিবসের	d̪ i . b o . ʃ e r	4.62
দ্বীপ	d̪ i p	4.62
নৌ	n ou̯	4.62
পরই	p o r . i	4.62
পর্যাপ্ত	p ɔ r . dʒ a p . t̪ o	4.62
পাইলট	p ai̯ . l ɔ ʈ	4.62
প্রকাশনা	p r o . k a . ʃ o . n a	4.62
প্রতিমন্ত্রী	p r o . t̪ i . m o n . t̪ r i	4.62
প্রথমবার	p r o . t̪ʰ o m . b a r	4.62
প্রভাবশালী	p r o . bʱ a b . ʃ a . l i	4.62
প্রশাসক	p r o . ʃ a . ʃ ɔ k	4.62
ফুলের	f u . l e r	4.62
ফ্যাশন	f æ . ʃ o n	4.62
ফ্রান্সের	f r a n . s e r	4.62
বিকেলে	b i . k e . l e	4.62
বিদ্রোহী	b i d̪ . r o . h i	4.62
ব্যবধানে	b æ . b o . d̪ʱ a . n e	4.62
ভবিষ্যত	bʱ o . b i ʃ . ʃ ɔ t̪	4.62
ভাইস	bʱ ai̯ s	4.62
মন্দ	m ɔ n . d̪ o	4.62
মিলিত	m i . l i . t̪ o	4.62
যাত্রীদের	dʒ a t̪ . r i . d̪ e r	4.62
যেনো	dʒ æ . n o	4.62
রবার্ট	r ɔ . b a r ʈ	4.62
লিপ্ত	l i p . t̪ o	4.62
শর্ত	ʃ ɔ r . t̪ o	4.62
শুনুন	ʃ u . n u n	4.62
সকলকে	ʃ ɔ . k o l . k e	4.62
সাক্ষী	ʃ a k . kʰ i	4.62
সিগারেট	s i . g a . r e ʈ	4.62
সীমিত	ʃ i . m i . t̪ o	4.62
সৃষ্ট	s r i ʃ . ʈ o	4.62
স্বাগতম	ʃ a . g o . t̪ ɔ m	4.62
অপরাধে	ɔ . p o . r a . d̪ʱ e	4.61
অবিশ্বাস্য	ɔ . b i ʃ . ʃ a ʃ . ʃ o	4.61
আগুনে	a . g u . n e	4.61
আবেগ	a . b e g	4.61
ইউনিভার্সিটি	i̯u . n i . bʱ a r . s i . ʈ i	4.61
এতদিন	æ . t̪ o . d̪ i n	4.61
ওঠা	o . ʈʰ a	4.61
করিনি	k o . r i . n i	4.61
কর্মকর্তার	k ɔ r . m o . k ɔ r . t̪ a r	4.61
কর্মচারী	k ɔ r . m o . tʃ a . r i	4.61
কর্মসূচী	k ɔ r . m o . ʃ u . tʃ i	4.61
কাজটি	k a dʒ . ʈ i	4.61
কোর্টের	k o r . ʈ e r	4.61
ক্যাম্প	k æ m p	4.61
ক্রিকেটের	k r i . k e . ʈ e r	4.61
ক্ষোভ	kʰ o bʱ	4.61
খবরে	kʰ ɔ . b o . r e	4.61
খাতে	kʰ a . t̪ e	4.61
খুজে	kʰ u . dʒ e	4.61
ঘুষ	gʱ u ʃ	4.61
চর্চা	tʃ ɔ r . tʃ a	4.61
ডলারের	ɖ ɔ . l a . r e r	4.61
তারপরও	t̪ a r . p ɔ r . o	4.61
তোদের	t̪ o . d̪ e r	4.61
দাঁত	d̪ a t̪	4.61
দিল্লির	d̪ i l . l i r	4.61
ধারার	d̪ʱ a . r a r	4.61
নামিয়ে	n a . m i . e	4.61
নো	n o	4.61
নোংরা	n o ŋ . r a	4.61
পরিমান	p o . r i . m a n	4.61
পারমাণবিক	p a . r o . m a . n o . b i k	4.61
পূর্বের	p u r . b e r	4.61
পেল	p e . l o	4.61
প্রতিটা	p r o . t̪ i . ʈ a	4.61
বললো	b o l . l o	4.61
বাংলাদেশকে	b a ŋ . l a . d̪ e ʃ . k e	4.61
বাণী	b a . n i	4.61
বিপরীত	b i . p o . r i t̪	4.61
বিমানের	b i . m a . n e r	4.61
বেন	b e n	4.61
ভোটে	bʱ o . ʈ e	4.61
মঞ্চে	m ɔ n . tʃ e	4.61
মাননীয়	m a . n o . n io̯	4.61
মৌসুমে	m ou̯ . s u . m e	4.61
শ	ʃ ɔ	4.61
শরীফ	ʃ o . r i f	4.61
শান্তিতে	ʃ a n . t̪ i . t̪ e	4.61
সংগঠিত	ʃ ɔ ŋ . g o . ʈʰ i . t̪ o	4.61
সম্মিলিত	ʃ ɔ m . m i . l i . t̪ o	4.61
সুখ	ʃ u kʰ	4.61
স্যাটেলাইট	s æ . ʈ e . l ai̯ ʈ	4.61
অনন্য	ɔ . n o n . n o	4.60
অনুগ্রহ	o . n u . g r o . h o	4.60
